시나리오,이평4일_1티어%,중심주가_1티어%,CAGR,MDD,Calmar,Sharpe,Sortino,최악일,배수
전체 2011~,1,1,0.9321314283389444,-0.32655945746017356,2.8544003459236054,1.585580183258246,2.23982334275901,-0.15731531887389982,29517.633869166664
전체 2011~,1,5,0.9296827225094364,-0.33121669082804583,2.806871598726556,1.5746850015393945,2.200512829555004,-0.16446293999894745,28938.39970033333
전체 2011~,1,10,0.9270809247207166,-0.33697938146759454,2.7511502949620934,1.5614245318990743,2.17239459272811,-0.17318390128695305,28334.620267166665
전체 2011~,1,15,0.9249573855924171,-0.34266837017207796,2.6992785623252322,1.5489255775547,2.148097079129349,-0.18151018989355283,27850.587568666666
전체 2011~,1,20,0.9233106938871525,-0.3482824672458813,2.6510398332377476,1.537495128179211,2.127638705533035,-0.18936722660889682,27480.58550183333
전체 2011~,1,25,0.9220528047830014,-0.35853777664954156,2.5717033596832852,1.527059310063756,2.108105621925816,-0.1967228848145227,27201.0503515
전체 2011~,1,30,0.921126851711884,-0.37258153927177384,2.4722825868191562,1.517621867455429,2.090941743902373,-0.20349839721640972,26996.983006833332
전체 2011~,1,35,0.9204724779882949,-0.386698238186298,2.3803379149217707,1.509112188853098,2.0752525003433853,-0.2096632706984246,26853.633177499996
전체 2011~,1,40,0.9200208765557436,-0.4008787518349123,2.29501033004269,1.5014991868194096,2.0627068776337025,-0.21516050277395682,26755.119337666667
전체 2011~,1,45,0.9197664763968774,-0.41511891745659835,2.2156698664378287,1.4947452516437998,2.050646196445783,-0.22029947667414118,26699.7726995
전체 2011~,1,50,0.9197163929594119,-0.4298102596644624,2.139819541947188,1.4905215566923806,2.0439639897343795,-0.22398758488135007,26688.889310166665
전체 2011~,1,60,0.9197259605236949,-0.4434153662745538,2.0741860352088457,1.4881043220673091,2.039345733592865,-0.22428613776410422,26690.968070333332
전체 2011~,1,70,0.9197400362631374,-0.4434000858695185,2.0742892605884466,1.489857887236343,2.039087143612401,-0.22449760011320763,26694.0266045
전체 2011~,1,80,0.919734570310389,-0.4480220205028349,2.0528780466596936,1.4985261128360259,2.0435728251222622,-0.22442519047628917,26692.838862166667
전체 2011~,1,90,0.9197268140381705,-0.4495001610095797,2.0461100880864187,1.5063420534184804,2.0521680582417474,-0.22433596605844797,26691.153522166664
전체 2011~,1,95,0.9197204603330618,-0.4505035074842195,2.0415389559764487,1.5095588570950955,2.0596896076426323,-0.22430704312308614,26689.7730165
전체 2011~,5,1,0.908657049089884,-0.32623951444191956,2.785245222805934,1.5640828550779202,2.1883768717607657,-0.15663523276527758,24384.733829166667
전체 2011~,5,5,0.9057231429812405,-0.33098726937522116,2.7364289408801232,1.5524030570483978,2.164091016361231,-0.16304126556970278,23805.499660333335
전체 2011~,5,10,0.9025929091638125,-0.34122634034543486,2.645144299968424,1.5381641221311857,2.1396239438038576,-0.17204675716949158,23201.72022716667
전체 2011~,5,15,0.9000279306766217,-0.3495854459721419,2.574557782786941,1.524760197876848,2.1164438805544106,-0.18066553623152204,22717.687528666665
전체 2011~,5,20,0.8980324890469404,-0.3559348253999134,2.523025073587416,1.5125612584571675,2.0934961327775907,-0.18881856640526362,22347.685461833335
전체 2011~,5,25,0.8965043272817392,-0.3665649780027359,2.4456900715568306,1.5015093768412213,2.0733345688158598,-0.19647020131249093,22068.1503115
전체 2011~,5,30,0.8953772482537741,-0.3806601518964745,2.3521696289799294,1.491611576870164,2.0538948170049327,-0.20353584220862952,21864.08296683333
전체 2011~,5,35,0.8945796135359612,-0.3948288081403398,2.265740480664186,1.4827858408556087,2.0363438736380077,-0.20998060118653195,21720.7331375
전체 2011~,5,40,0.8940285959536927,-0.4090617116152636,2.1855592214275896,1.474991301692444,2.019927697389478,-0.21574152355443244,21622.21929766667
전체 2011~,5,45,0.8937179937119055,-0.4233549620046537,2.1110370113060855,1.4682207672395162,2.0059674287284097,-0.22114206190126562,21566.872659500004
전체 2011~,5,50,0.8936568289701021,-0.4380765293885649,2.0399559643549106,1.4640485338748916,1.997533748097876,-0.22502575485525067,21555.98927016667
전체 2011~,5,60,0.8936685138530465,-0.45160040467529106,1.9788921900891796,1.461371047486587,1.9954038095974544,-0.22531806805040466,21558.068030333336
전체 2011~,5,70,0.893685704209495,-0.4514976551965515,1.9793806101173324,1.4630247705795647,1.9939680219385265,-0.2255247252149174,21561.126564500002
전체 2011~,5,80,0.8936790288271692,-0.45604725408017954,1.9596193614402244,1.47181335416174,1.9964024411768555,-0.22545398162651087,21559.93882216667
전체 2011~,5,90,0.8936695562419097,-0.45745398178867813,1.9535725817657048,1.4797706321579505,1.996579880300099,-0.2253668441428004,21558.253482166667
전체 2011~,5,95,0.8936617964854194,-0.45842399746923257,1.9494219356293583,1.4830606737218468,1.99894908651127,-0.2253384727014366,21556.872976500003
전체 2011~,10,1,0.8791898220939112,-0.32953772610434107,2.667948924960217,1.5346115606353652,2.1566416738796392,-0.15572080234955943,19121.329329833334
전체 2011~,10,5,0.8754945351771892,-0.3393942793371697,2.5795795288212067,1.521834173438619,2.134350344068398,-0.16100291730278082,18542.095161
전체 2011~,10,10,0.8715258156903047,-0.3495935471661389,2.492968828386657,1.5061878119434364,2.109116347578184,-0.17038503583471531,17938.315727833335
전체 2011~,10,15,0.868252850577953,-0.35876097083446934,2.4201429953721494,1.4914492589941084,2.0850094832198454,-0.17939364975460137,17454.28302933333
전체 2011~,10,20,0.8656931408936612,-0.36677571010192656,2.3602793670635553,1.478097152012804,2.0616850875853694,-0.1879438116830341,17084.2809625
전체 2011~,10,25,0.8637246453462748,-0.37650559474402034,2.2940552740883073,1.4661093702634571,2.0399916358952126,-0.19599508752424966,16804.745812166668
전체 2011~,10,30,0.8622681464086988,-0.3906651645538852,2.207179509832555,1.4555074031091442,2.019422840600989,-0.20345488235331277,16600.6784675
전체 2011~,10,35,0.8612349540097091,-0.4048989029621072,2.1270370151887237,1.4461968900306814,2.000242045758624,-0.2102821024605085,16457.328638166666
전체 2011~,10,40,0.8605200215049196,-0.41919743342676696,2.0527797951206943,1.438122149968608,1.982730163422427,-0.21640536353826179,16358.814798333333
전체 2011~,10,45,0.8601165910880204,-0.4335571820149531,1.983859630904132,1.4313099087289398,1.9674654877276228,-0.2221672352255174,16303.468160166667
전체 2011~,10,50,0.8600371095411368,-0.44831683168316827,1.9183689943386666,1.4272125717298527,1.9584097308277375,-0.22632251625719835,16292.584770833333
전체 2011~,10,60,0.8600522945949227,-0.4617401105400495,1.8626328425074634,1.424277460305567,1.9540500779942624,-0.22660610562858363,16294.663531
전체 2011~,10,70,0.8600746334651888,-0.461528566336579,1.8635349926270046,1.425815370597503,1.952771943694744,-0.22680607219030446,16297.722065166667
전체 2011~,10,80,0.8600659589188386,-0.46598834927787436,1.8456812498674107,1.4346551724932823,1.953909911005198,-0.2267376458897411,16296.534322833333
전체 2011~,10,90,0.8600536492066628,-0.4673063130652839,1.8404494550162669,1.4426944372464003,1.9543291682354298,-0.22665341452135257,16294.848982833333
전체 2011~,10,95,0.8600435651145324,-0.4682349114606529,1.8367779592334057,1.4460344979503865,1.954677390272115,-0.22662581222012113,16293.468477166667
전체 2011~,15,1,0.8500485911734073,-0.34615826434860697,2.4556645867548768,1.5027098652537398,2.1272772449643536,-0.15650759499424738,14977.700281333335
전체 2011~,15,5,0.8453853613411382,-0.35790317791379134,2.3620504469082064,1.4887119745598234,2.1036332400912405,-0.15884843311193786,14398.4661125
전체 2011~,15,10,0.8403337573029408,-0.37032869663166335,2.2691564681490353,1.4714543628871841,2.0767319596322165,-0.16861021432128354,13794.686679333334
전체 2011~,15,15,0.8361322741126149,-0.3801962669062351,2.1992122145660726,1.4551429230248913,2.0498694300776825,-0.17801495407454893,13310.653980833335
전체 2011~,15,20,0.832823016622307,-0.3875918987503051,2.148711103889272,1.440402502297126,2.0241755622206363,-0.18697179202594438,12940.651914
전체 2011~,15,25,0.8302636229233133,-0.39269571068523534,2.1142671038462395,1.4272706515886304,2.000542107150385,-0.1954353790541552,12661.116763666667
전체 2011~,15,30,0.8283615845140857,-0.3993819499661423,2.074108718694749,1.4158010692961818,1.9788155257779418,-0.20330477771274247,12457.049419
전체 2011~,15,35,0.8270079531197636,-0.4136767326348879,1.999164777414936,1.4058930113191281,1.9592005097459426,-0.21053222222881618,12313.699589666667
전체 2011~,15,40,0.8260691233437767,-0.4280368315902241,1.9299019672554814,1.3974729797716787,1.9409436949516916,-0.2170371913975243,12215.185749833334
전체 2011~,15,45,0.8255385599351344,-0.442458958405475,1.8657969157415055,1.39059702151394,1.925653671210791,-0.22318233769999518,12159.839111666668
전체 2011~,15,50,0.8254339638112009,-0.4575140640309755,1.80417178116587,1.3865945700731988,1.9162688772369283,-0.22762736717765364,12148.955722333334
전체 2011~,15,60,0.8254539487603998,-0.4705950534081126,1.754064227369904,1.3834992016669823,1.9116260517954597,-0.2278997311341372,12151.034482500001
전체 2011~,15,70,0.8254833473211407,-0.4702880165488885,1.7552719148125009,1.3849311001133533,1.909521897158976,-0.22809123757431782,12154.093016666666
전체 2011~,15,80,0.8254719315913872,-0.4746702478325653,1.7390429152883484,1.393682835327902,1.910363583221497,-0.2280257313919377,12152.905274333334
전체 2011~,15,90,0.8254557315164424,-0.47591071040914046,1.7344760549868652,1.4016716726049536,1.9105651887026156,-0.2279451645757744,12151.219934333334
전체 2011~,15,95,0.8254424600482542,-0.4768032315874372,1.7312014796965207,1.4050034334735264,1.9105448425128615,-0.22791855753800627,12149.839428666668
전체 2011~,20,1,0.8209518454413482,-0.361666539869114,2.269913732518491,1.4686320243449962,2.0932092767240937,-0.1608112873371742,11691.058758833333
전체 2011~,20,5,0.815040495353816,-0.37467998586260265,2.175297656952235,1.4532453579202702,2.068157819454486,-0.1617890918427839,11111.824590000002
전체 2011~,20,10,0.8085633343413392,-0.3897112815814334,2.0747752825122747,1.4340922103564726,2.0377503811634234,-0.16638112946696237,10508.045156833336
전체 2011~,20,15,0.803114073669847,-0.4019895945015186,1.9978479161027465,1.4158584768276956,2.0076698998751246,-0.176229255590988,10024.012458333333
전체 2011~,20,20,0.7987798547054006,-0.41151232572062313,1.9410836681662227,1.3993635892313212,1.9791427501844356,-0.1856453802688579,9654.0103915
전체 2011~,20,25,0.7954010001133025,-0.41844120091900694,1.9008668323444076,1.384742265996953,1.9528157985234345,-0.19457860901431356,9374.475241166667
전체 2011~,20,30,0.7928742698442888,-0.4229327734855327,1.874705200332295,1.3721130756288291,1.9291090441330456,-0.20291842176283137,9170.4078965
전체 2011~,20,35,0.7910676680526492,-0.42520942840706766,1.8604189258365476,1.3613846438596773,1.90797951809998,-0.2106091106293183,9027.058067166667
전체 2011~,20,40,0.7898104881966779,-0.43759679896267534,1.8048817771723336,1.352466364118423,1.8892292082070676,-0.21755919232988352,8928.544227333334
전체 2011~,20,45,0.7890984766221352,-0.45237122923847883,1.7443604403191215,1.3454442261106139,1.8736772500688073,-0.22415436624100404,8873.197589166668
전체 2011~,20,50,0.7889579773924313,-0.4674636120179406,1.687742012659912,1.3415319588033798,1.8647703568263672,-0.2289420705855406,8862.314199833334
전체 2011~,20,60,0.7889848256417253,-0.480308227004689,1.6426635674387957,1.3383591057800446,1.8590589780277234,-0.22920220974404526,8864.392960000001
전체 2011~,20,70,0.789024317460358,-0.4797692676576578,1.6445912038354464,1.339696431376151,1.85666289098205,-0.22938449859635168,8867.451494166668
전체 2011~,20,80,0.7890089828359177,-0.4840679842267166,1.6299549000257365,1.3482466232022776,1.8571007418418533,-0.22932217265777843,8866.263751833334
전체 2011~,20,90,0.788987220560539,-0.4852243894090785,1.6260254797195839,1.3560774498162276,1.8567563301270726,-0.22924560487579448,8864.578411833334
전체 2011~,20,95,0.788969391631305,-0.4860778413470668,1.623133836845628,1.3593529762603338,1.8570873948380082,-0.22922007336947448,8863.197906166666
전체 2011~,25,1,0.7923723413083512,-0.3804720463396922,2.082603305371105,1.4328861143825897,2.0553036225745847,-0.16222791026259697,9130.368693666667
전체 2011~,25,5,0.7848709034780177,-0.39099385733849934,2.0073740002480984,1.4159030089416353,2.0279478984678923,-0.1636203687633594,8551.134524833333
전체 2011~,25,10,0.7765272911094858,-0.40745314651062736,1.9058075701698676,1.3945263944573147,1.9931093087001088,-0.16507193013775268,7947.355091666666
전체 2011~,25,15,0.7693982498067979,-0.4225657853512247,1.820777442185235,1.3739612658505456,1.957959070091509,-0.1741122462492357,7463.322393166667
전체 2011~,25,20,0.7636505775007849,-0.43465895593101245,1.7568959918589342,1.3552641894370894,1.9248603812416771,-0.1840249457986488,7093.3203263333335
전체 2011~,25,25,0.7591190102069767,-0.44385671716619246,1.7102794231741707,1.3387118001288947,1.8948167440246104,-0.19347090606937378,6813.785176
전체 2011~,25,30,0.7556996082956191,-0.4502502841494316,1.6783989591993533,1.324536595036134,1.8684819275366706,-0.20232914941928826,6609.717831333333
전체 2011~,25,35,0.7532380016718365,-0.4540253970785464,1.6590217342875344,1.3126867866889331,1.8456719299217232,-0.2105349758482674,6466.368002
전체 2011~,25,40,0.7515165293076789,-0.4554537001457265,1.6500393543124678,1.303060356647741,1.825857908405767,-0.21798431557134412,6367.854162166667
전체 2011~,25,45,0.7505384105965955,-0.46219714184878147,1.6238490952030846,1.295781789070299,1.8103597611947213,-0.22508850267597524,6312.507524
전체 2011~,25,50,0.7503451288519063,-0.4773244350295164,1.5719813899858428,1.2919586589277041,1.8016141913876413,-0.23026691658805154,6301.624134666667
전체 2011~,25,60,0.7503820703753779,-0.4900790070539005,1.5311451002283971,1.288808341778193,1.7953366319284247,-0.2305125292870147,6303.702894833334
전체 2011~,25,70,0.7504364026790242,-0.48922214948451714,1.5339379123977581,1.2900613174404771,1.7924912578266112,-0.2306839553134451,6306.761429
전체 2011~,25,80,0.7504153063587209,-0.49339129208100685,1.520933422220826,1.2982690086899393,1.7923221348566367,-0.2306253698773575,6305.573686666667
전체 2011~,25,90,0.7503853654748678,-0.4944640948522818,1.5175730114418944,1.305809360238852,1.7917131946023188,-0.23055351339793917,6303.888346666667
전체 2011~,25,95,0.7503608345382802,-0.49527875366296215,1.5150273032888903,1.3089692599779963,1.7915998417532875,-0.23052925693552606,6302.507841
전체 2011~,30,1,0.765343185434431,-0.39668979089464296,1.9293241293363632,1.3969026946152252,2.0146053404365034,-0.16318757891131308,7200.456993833333
전체 2011~,30,5,0.7558950001277325,-0.4095543910729227,1.8456522908898383,1.378052299320956,1.9847330574165822,-0.16508031374159404,6621.222825
전체 2011~,30,10,0.74518437933102,-0.42384801673848704,1.7581405359997155,1.3540624028326782,1.9449255029097825,-0.16718284252687665,6017.443391833333
전체 2011~,30,15,0.7358447878059451,-0.4415126622788701,1.6666448115165668,1.3306907284080554,1.9040962139652007,-0.17165186037073177,5533.410693333334
전체 2011~,30,20,0.7281745532664856,-0.45666561496569547,1.5945464896041839,1.3092533881954938,1.8654673784927198,-0.18209565507965952,5163.4086265
전체 2011~,30,25,0.72203056128499,-0.4686513684597281,1.540656039601504,1.2902095167353855,1.830322450353961,-0.19209602033845263,4883.8734761666665
전체 2011~,30,30,0.717333798824547,-0.4774612912111995,1.5023915279181084,1.2739703833264617,1.799785907400608,-0.20152080213864376,4679.8061314999995
전체 2011~,30,35,0.7139184415928339,-0.48321161639348487,1.477444699945876,1.2605760779131896,1.774027356209618,-0.21029530381675932,4536.456302166666
전체 2011~,30,40,0.7115122472452293,-0.4860991810086195,1.4637182596541194,1.249931847248678,1.752554545984396,-0.21830118460151782,4437.942462333333
전체 2011~,30,45,0.7101383832024035,-0.4861498445197976,1.4607397106212268,1.2422268103595262,1.7366827775963223,-0.22597822068436724,4382.595824166667
전체 2011~,30,50,0.7098663164225858,-0.4870790441802203,1.4573944925455133,1.2384827734536268,1.7283939728185054,-0.23160034444215116,4371.712434833334
전체 2011~,30,60,0.709918330941792,-0.4997446249022718,1.420562214312202,1.2354582372380984,1.7216965087221805,-0.2318284233140523,4373.791195
전체 2011~,30,70,0.7099948192099883,-0.4987876953719522,1.4234409264657908,1.2366374471343975,1.718677795156345,-0.2319868675255733,4376.849729166666
전체 2011~,30,80,0.7099651219201959,-0.5026204670495059,1.4125272814452807,1.2443582549787802,1.7177662774302673,-0.23193274188184343,4375.661986833333
전체 2011~,30,90,0.7099229701738359,-0.5036100955771383,1.4096678688703859,1.2514733752218978,1.7169223918696574,-0.231866512510574,4373.976646833334
전체 2011~,30,95,0.7098884312581937,-0.5043861747474022,1.4074303912348658,1.254456046063842,1.7167571797773382,-0.23184379205988292,4372.596141166667
전체 2011~,35,1,0.7404838080730487,-0.4099681009132581,1.8061985955090731,1.3617615607831532,1.9721077319759455,-0.1674706499233496,5769.084227166667
전체 2011~,35,5,0.7287394950356902,-0.42530805733866406,1.713439194159,1.3406648268991868,1.9395613953178321,-0.16598557763866262,5189.850058333333
전체 2011~,35,10,0.7151118078577843,-0.4428801451505203,1.6146847305939656,1.313530011626332,1.894528104737343,-0.16887335798049286,4586.070625166666
전체 2011~,35,15,0.7029140738660422,-0.45835639049452837,1.5335535588533116,1.286727910834043,1.847267706994441,-0.1714543463517797,4102.037926666667
전체 2011~,35,20,0.6926444183069156,-0.47710356386868624,1.451769533412148,1.2618443241609902,1.8013144158909458,-0.17982036437056637,3732.0358598333332
전체 2011~,35,25,0.6842328379926694,-0.49248284734237,1.3893536428427047,1.239548366084242,1.759422231844111,-0.19041857548806107,3452.5007095
전체 2011~,35,30,0.677679469766485,-0.5043443057992774,1.3436841894992917,1.2205070115593506,1.722799944258512,-0.20046162559353686,3248.433364833333
전체 2011~,35,35,0.6728413681909724,-0.5126896485481647,1.3123755669659523,1.204934182252727,1.6928029046796362,-0.20986386368482113,3105.0835355
전체 2011~,35,40,0.6693937492029522,-0.5175822414316162,1.2933089577251147,1.1927839259503328,1.6686126127098528,-0.2184908870798553,3006.569695666666
전체 2011~,35,45,0.6674101439908793,-0.5189440938045664,1.2860925713555282,1.1843721354008367,1.6518769431341946,-0.22681419861161012,2951.2230575
전체 2011~,35,50,0.6670159940066696,-0.5167429802592768,1.2908080409181233,1.1806803162980364,1.64424298030207,-0.23294208547103423,2940.339668166667
전체 2011~,35,60,0.6670913832278262,-0.5196342151867644,1.2837710907624962,1.1778959594123366,1.6376640028464904,-0.23314890397980415,2942.418428333333
전체 2011~,35,70,0.6672022147731367,-0.5214203539491198,1.2795860570457176,1.1790112529420913,1.6341112770784207,-0.2332917718540808,2945.4769625
전체 2011~,35,80,0.6671591875699143,-0.5162082593081687,1.2924225359432502,1.186078766778003,1.632599081111506,-0.23324298401617838,2944.2892201666664
전체 2011~,35,90,0.6670981064824004,-0.5144097077850094,1.2968225451165185,1.192614632991431,1.6306061995243726,-0.233183502953759,2942.603880166667
전체 2011~,35,95,0.6670480489794373,-0.5139152651828724,1.297972825816088,1.195348564714269,1.6304545929829701,-0.23316264012052013,2941.2233745
전체 2011~,40,1,0.7180326743603849,-0.41998131776174685,1.7096776546801564,1.3283920399547873,1.928840139373533,-0.1776127950544404,4709.657195666667
전체 2011~,40,5,0.7036656747566294,-0.4378485369769788,1.6070983806750205,1.3045661130263149,1.893737275421111,-0.1748754435069746,4130.423026833334
전체 2011~,40,10,0.6865243244563666,-0.4588898880922695,1.4960545923346351,1.273544780214594,1.8435710417503643,-0.1711056034407299,3526.6435936666667
전체 2011~,40,15,0.6706671597750511,-0.4780044806456083,1.4030562200363192,1.2424061379545328,1.7889861001137009,-0.17352321492814748,3042.610895166667
전체 2011~,40,20,0.6568631627264052,-0.4954233249615473,1.3258624082291406,1.2130341921059327,1.7343069246734544,-0.17716649107501736,2672.608828333334
전체 2011~,40,25,0.6451916113645919,-0.5198477204756935,1.2411165538519642,1.1863374854078834,1.6828104646166975,-0.18840562046199794,2393.073678
전체 2011~,40,30,0.6358351187826734,-0.5448329599764574,1.1670276313865964,1.1633357686898331,1.6381686904598793,-0.19912047988921922,2189.0063333333333
전체 2011~,40,35,0.6287608861047818,-0.5629670501412811,1.1168697811834443,1.144543666828265,1.601475943741415,-0.20921368511877758,2045.6565040000003
전체 2011~,40,40,0.6236249939479805,-0.5744026802314182,1.0856930432440381,1.130045493686398,1.5726195527572164,-0.21853299290582395,1947.142664166667
전체 2011~,40,45,0.6206318229696735,-0.5791532730022995,1.0716192964814848,1.1204269794526682,1.554013397004667,-0.22758546624316167,1891.796026
전체 2011~,40,50,0.6200336145056986,-0.5787591966154866,1.0713153555599286,1.116728983988544,1.5467400384848284,-0.2342907086872723,1880.9126366666667
전체 2011~,40,60,0.6201481240057456,-0.5888999084774601,1.0530620145774425,1.11432332485395,1.5408298201485922,-0.2344716446163737,1882.9913968333333
전체 2011~,40,70,0.6203163898859938,-0.5906731380143766,1.0501855425003188,1.1153864660727142,1.5371008102604589,-0.2345957619490815,1886.0499310000002
전체 2011~,40,80,0.6202510763545255,-0.5861007557333067,1.058266979332745,1.1215867312375813,1.5346455281573559,-0.23455338232443468,1884.8621886666667
전체 2011~,40,90,0.6201583339591621,-0.5821875495482173,1.065220880179266,1.1273451030830757,1.5317428116030367,-0.23450202101597872,1883.1768486666667
전체 2011~,40,95,0.6200823083602496,-0.5804725365164225,1.0682371160598507,1.1297362628831646,1.5311653021247609,-0.23448341228493308,1881.7963430000002
전체 2011~,45,1,0.7004629890502319,-0.4269681322469412,1.6405509829598062,1.3010511126214008,1.8908028840810154,-0.187366992204121,4010.7332596666665
전체 2011~,45,5,0.6835753817186812,-0.44652279185629407,1.5308857558578521,1.2743952923413733,1.8533132218549397,-0.18511114581358812,3431.499090833333
전체 2011~,45,10,0.6628552163220747,-0.47074142026301113,1.4081089697858462,1.2391715887100094,1.7987333806022268,-0.18195817034245343,2827.7196576666665
전체 2011~,45,15,0.6429977585435231,-0.4934146727225409,1.3031589737605886,1.2031273565415381,1.737007816212294,-0.17844158008298772,2343.686959166667
전체 2011~,45,20,0.6250322606044096,-0.5229043474750151,1.1953089769143186,1.1684412645385356,1.6729463442988879,-0.1795878038799723,1973.6848923333332
전체 2011~,45,25,0.6092289692251691,-0.5601289228215229,1.0876584736176733,1.1362775583280351,1.611057632667032,-0.1860198714917216,1694.1497419999998
전체 2011~,45,30,0.5960665320115495,-0.5899568312832346,1.0103561826973433,1.108099155386412,1.555403039970138,-0.1974627625745684,1490.0823973333333
전체 2011~,45,35,0.5857693413894538,-0.6125908390805319,0.9562162931928009,1.0848733931101637,1.509231607177047,-0.20831579460412697,1346.732568
전체 2011~,45,40,0.5780798434392567,-0.6279996879154033,0.9205097622869023,1.0669404511619374,1.4729385405330278,-0.21840721834988575,1248.2187281666666
전체 2011~,45,45,0.5735066777818429,-0.6360757908228367,0.9016326136857787,1.0554115096376138,1.450743552988871,-0.22828433449149999,1192.8720899999998
전체 2011~,45,50,0.5725840924512189,-0.6374739668684265,0.8982078048834256,1.0515873706030396,1.4437716705995398,-0.23565132226851426,1181.9887006666665
전체 2011~,45,60,0.5727609216581115,-0.6469746003890795,0.8852912020250299,1.0496741877246167,1.4386229107489261,-0.2358004632788716,1184.0674608333331
전체 2011~,45,70,0.5730205675175017,-0.6487334944862955,0.8832911702381768,1.0507152226738616,1.435031592077018,-0.23590182650693936,1187.125995
전체 2011~,45,80,0.5729198118409558,-0.64484082054342,0.8884670349469269,1.0558947121753564,1.431394742527735,-0.23586720035839148,1185.9382526666666
전체 2011~,45,90,0.5727766829503846,-0.6414693468413781,0.8929135675317316,1.06072280364945,1.4274681610277473,-0.23582568814999916,1184.2529126666666
전체 2011~,45,95,0.5726593002482336,-0.6399620304852376,0.8948332447380151,1.062693870344184,1.4264170490455272,-0.23580983759533702,1182.872407
전체 2011~,50,1,0.6870154131014057,-0.43116624762101097,1.5933886682736875,1.2802095002393876,1.8579299459364902,-0.1970376207240675,3542.725878
전체 2011~,50,5,0.6678528342780321,-0.44986660162227887,1.484557492976064,1.2510213171316993,1.8188156388915377,-0.19530870388580468,2963.491709166667
전체 2011~,50,10,0.6437143380399237,-0.47699091881996436,1.3495316423055164,1.21174104474047,1.7607147600254665,-0.1928401319521571,2359.712276
전체 2011~,50,15,0.6197448236473058,-0.5032608598177362,1.2314584207318569,1.1705534633000407,1.6930262151325401,-0.19002585444194497,1875.6795775
전체 2011~,50,20,0.5971302276487924,-0.5463283345753043,1.0929878423988015,1.1298205443125195,1.620558017905946,-0.18685403631351838,1505.6775106666666
전체 2011~,50,25,0.5762789278022207,-0.5895953460382856,0.9774143091095563,1.0909103039152754,1.5474263463221973,-0.18761959663858918,1226.1423603333335
전체 2011~,50,30,0.5580242341199242,-0.625191707959301,0.8925649956896912,1.0558145481950554,1.4787237999138576,-0.19526391418756583,1022.0750156666667
전체 2011~,50,35,0.5430308916977471,-0.6532160866021919,0.8313189200872398,1.0261975668568573,1.4191376523772326,-0.20700258801134874,878.7251863333333
전체 2011~,50,40,0.5313348620876661,-0.6733959124998814,0.7890378486485983,1.002939603678737,1.3712470696112657,-0.21800918127401914,780.2113465
전체 2011~,50,45,0.5241418116206318,-0.6854241299593662,0.7646970521036432,0.9882077841986018,1.342290236177626,-0.22887979706227857,724.8647083333333
전체 2011~,50,50,0.5226670916262997,-0.6888979106282624,0.7587003583007483,0.9840151932606247,1.3350591717870213,-0.23705700551411857,713.981319
전체 2011~,50,60,0.5229503858354139,-0.6980091364902337,0.7492027804463142,0.9827183929834713,1.3312463168362656,-0.2371663453560745,716.0600791666667
전체 2011~,50,70,0.5233658076059822,-0.6998126962914324,0.7478655508530956,0.9837897076172749,1.328126234773472,-0.23723956804558122,719.1186133333333
전체 2011~,50,80,0.523204680687237,-0.6965578866729158,0.7511287872804164,0.9877719255457518,1.3228929461542518,-0.23721450035635971,717.9308709999999
전체 2011~,50,90,0.52297562186627,-0.6936865419830809,0.7539076949240071,0.9914965267964244,1.318006577043956,-0.2371851727057943,716.245531
전체 2011~,50,95,0.5227876176697412,-0.6923634506440306,0.7550768562139561,0.9929543313467574,1.3165850059231063,-0.23717274841148805,714.8650253333333
전체 2011~,60,1,0.6753196266261958,-0.455686592706803,1.4819826552604076,1.2673830359406635,1.825785859084396,-0.21630231560676294,3177.7561336666668
전체 2011~,60,5,0.6538853433467777,-0.4631388638335173,1.4118559127912602,1.2366083094050195,1.7868067861802497,-0.21579962710409117,2598.5219648333336
전체 2011~,60,10,0.6261361893245818,-0.4725148932810824,1.3251141884158888,1.1938791128197532,1.7291426955127072,-0.21495601375868456,1994.7425316666668
전체 2011~,60,15,0.5974712671680782,-0.490179753140057,1.2188819781737603,1.1472192183514278,1.6582121838820691,-0.2138493198669924,1510.7098331666668
전체 2011~,60,20,0.5690108781901788,-0.54062783478649,1.0525001518186685,1.0988329707555577,1.577918358476388,-0.2124419100313375,1140.7077663333334
전체 2011~,60,25,0.5410399329621431,-0.6003710405713936,0.9011759335480556,1.0499828663442385,1.4916870675696228,-0.210684843157105,861.1726160000001
전체 2011~,60,30,0.5146002768356777,-0.6522557741640855,0.7889547279135648,1.0030902361646006,1.4047247920795536,-0.208551615082314,657.1052713333333
전체 2011~,60,35,0.4909358848335521,-0.6960347378046213,0.7053324470299053,0.9608953067198297,1.323582766927345,-0.21721714652162982,513.755442
전체 2011~,60,40,0.4707634039615731,-0.7306235394121499,0.6443310112076914,0.9257815275574954,1.2526791620339166,-0.2528380213946293,415.2416021666667
전체 2011~,60,45,0.45736214391505725,-0.7547406067975144,0.605985870901684,0.9029816531398394,1.2069344881652353,-0.26876658237512985,359.894964
전체 2011~,60,50,0.4545013508817417,-0.7644352445494824,0.5945583411052701,0.8972656973675326,1.1968959833144412,-0.26700168964414006,349.01157466666666
전체 2011~,60,60,0.4550541626798086,-0.7744056869083338,0.5876172791247506,0.8968665028148245,1.1941845288838286,-0.2673930997707513,351.0903348333333
전체 2011~,60,70,0.4558619844574072,-0.7766891106404059,0.586929800112086,0.8981718306305659,1.191542836536152,-0.26796128574053535,354.148869
전체 2011~,60,80,0.45554905571785764,-0.774522886404862,0.5881673268977246,0.9006113566172121,1.183980933151173,-0.26769551430160865,352.9611266666667
전체 2011~,60,90,0.4551033315624462,-0.7724448490738762,0.5891725889661805,0.9029145206448975,1.1772706033916884,-0.26740124112875474,351.27578666666665
전체 2011~,60,95,0.4547367335175905,-0.7713579258244906,0.5895275309857361,0.9036795087341607,1.1752680963754898,-0.26721205526327696,349.895281
전체 2011~,70,1,0.6685443238155817,-0.4837754937929254,1.3819309419210568,1.2639865626518605,1.8081980834992213,-0.22521936339247073,2982.7511084999996
전체 2011~,70,5,0.6456500882462517,-0.4912156665960482,1.3143922968100339,1.232250088840267,1.767296578342319,-0.2254237121764593,2403.5169396666665
전체 2011~,70,10,0.6154667690860751,-0.5007563100769798,1.2290744154406386,1.1874263415821982,1.7079147219018058,-0.2255574481745417,1799.7375065
전체 2011~,70,15,0.5834059093449002,-0.5105162760198956,1.1427763163464038,1.1372500950221018,1.6340056480013396,-0.22553389571389926,1315.704808
전체 2011~,70,20,0.5503008136672141,-0.5321112690640564,1.0341837237071707,1.0834777962233015,1.548258803020339,-0.2253166449247258,945.7027411666667
전체 2011~,70,25,0.5159283480883694,-0.6001639654694912,0.8596456598069384,1.0266876308021227,1.4523563098762045,-0.22486260861528984,666.1675908333334
전체 2011~,70,30,0.4808605801989225,-0.6623061541954928,0.7260397282326732,0.9686987379301287,1.3506608866855945,-0.22413366970947757,462.10024616666664
전체 2011~,70,35,0.4460844509280786,-0.7169358549117082,0.6222097107739362,0.9120719051130852,1.248136147805202,-0.22308389206250923,318.7504168333333
전체 2011~,70,40,0.4122756667315215,-0.7625231947903472,0.5406729520468884,0.8597931395556924,1.1485510086912905,-0.2587268795399569,220.23657699999998
전체 2011~,70,45,0.3863610330123428,-0.7970962769361858,0.4847106230346554,0.8226431023440475,1.0761580321792898,-0.2939657736455482,164.8899388333333
전체 2011~,70,50,0.3803167154505962,-0.812971070356526,0.467810884443661,0.8139871132449749,1.0608493954951932,-0.293817170089926,154.00654949999998
전체 2011~,70,60,0.3815014521529754,-0.8222001955162734,0.46400068284272805,0.8148275164516091,1.0604131387117142,-0.2938509327469533,156.08530966666666
전체 2011~,70,70,0.3832180077057106,-0.8246889922247419,0.46468185136303736,0.8169658489860975,1.059554774061216,-0.29390260251294353,159.1438438333333
전체 2011~,70,80,0.38255510330575304,-0.824292894450244,0.4641009353366989,0.817695278119568,1.0501011356401218,-0.2938797953849539,157.9561015
전체 2011~,70,90,0.381606427019636,-0.8236767951994376,0.46329631870621935,0.8182339502050054,1.0409053579905818,-0.2938508761988342,156.2707615
전체 2011~,70,95,0.3808221794677489,-0.8231403208543189,0.46264551719748354,0.818007044346093,1.0373303485262417,-0.2938388208758187,154.89025583333333
전체 2011~,80,1,0.6660961497145328,-0.502774961943379,1.3248395408153728,1.2681471505547453,1.8025360443410996,-0.23244892527882688,2915.0866106666667
전체 2011~,80,5,0.6426457637462686,-0.5104690829938969,1.2589318044046007,1.2364804331365646,1.7615457701694999,-0.23329680617333926,2335.8524418333336
전체 2011~,80,10,0.6115102021160832,-0.5201337871155357,1.1756786758793085,1.191232625733378,1.701274269127285,-0.23433559126328085,1732.0730086666665
전체 2011~,80,15,0.5780654085897834,-0.5298388623465311,1.0910211569413166,1.1398216170471775,1.6271215943823034,-0.23533654432272877,1248.0403101666666
전체 2011~,80,20,0.5429536756707136,-0.5395783365966702,1.006255512582905,1.0836990134703444,1.5394008727133208,-0.23627153784542043,878.0382433333334
전체 2011~,80,25,0.5055739270150084,-0.5750145900825623,0.8792366937027052,1.0229334166321133,1.4390394278934322,-0.2371116145446912,598.5030929999999
전체 2011~,80,30,0.46593354809844145,-0.6466122494964885,0.7205764327249599,0.95861076841897,1.329624135245943,-0.23781681371637986,394.4357483333333
전체 2011~,80,35,0.42417239716727906,-0.711898034829265,0.5958330777932386,0.8922867712379368,1.2143674097938355,-0.23834383200965115,251.08591900000002
전체 2011~,80,40,0.3794904152796976,-0.7691149442664709,0.4934118340940957,0.8256955221317638,1.0939828874460584,-0.24923995660899267,152.57207916666667
전체 2011~,80,45,0.34028242828179756,-0.8155715697947393,0.41723184191847057,0.7729233005424949,0.9961937139056276,-0.29411412185811225,97.225441
전체 2011~,80,50,0.3301395295324039,-0.8388860470606418,0.39354514321602324,0.7601055276658493,0.9739401251057338,-0.2939110512160281,86.34205166666666
전체 2011~,80,60,0.3321659977071194,-0.8485589600233909,0.3914471631976676,0.7621553408950926,0.9753703465233304,-0.29395969364614183,88.42081183333333
전체 2011~,80,70,0.3350679538192398,-0.8515164081222197,0.39349559283083935,0.7655437673506108,0.976320854401466,-0.29403180421934794,91.47934599999999
전체 2011~,80,80,0.3339519594853899,-0.8527695987236952,0.39160865957839247,0.7651810017742284,0.965181465004976,-0.2940005792163711,90.29160366666666
전체 2011~,80,90,0.33234461162976836,-0.8535480617043565,0.38936836311964185,0.7644047069273157,0.9532384812840737,-0.2939594926128445,88.60626366666668
전체 2011~,80,95,0.3310065263300255,-0.853517792024783,0.3878144420923967,0.7633069682923762,0.9482963877269422,-0.2939429602351752,87.22575800000001
전체 2011~,90,1,0.6645572155334427,-0.5151536953127058,1.2900173706995284,1.2721608054962337,1.8003968008349003,-0.23707242604121448,2873.2907121666667
전체 2011~,90,5,0.6407490476521795,-0.5228055860840297,1.225597171697383,1.2408466360593817,1.756440583705022,-0.23840485882321127,2294.056543333333
전체 2011~,90,10,0.6089933321801071,-0.5324171200221229,1.1438274790164566,1.1956348866114614,1.6967809424897213,-0.24014278525304877,1690.2771101666667
전체 2011~,90,15,0.5746295225754279,-0.5420685146898477,1.060068067049071,1.1436124243374517,1.6233844286300438,-0.24196067181077263,1206.2444116666668
전체 2011~,90,20,0.5381458416378069,-0.5517538343123041,0.9753368407644001,1.085968945706913,1.5345546081810648,-0.24384753247188873,836.2423448333334
전체 2011~,90,25,0.4986157566284173,-0.5614947716444516,0.8880149590139899,1.022312395806134,1.4316201485733808,-0.24579977324930347,556.7071945
전체 2011~,90,30,0.45546424109864114,-0.6138802705057231,0.7419431165680294,0.9529436941704597,1.3160162423179298,-0.24779328635859033,352.63984983333336
전체 2011~,90,35,0.40767597160692914,-0.6884871500540659,0.5921330145013091,0.8779450653189458,1.1898413691859868,-0.24980860031428054,209.2900205
전체 2011~,90,40,0.35151964302501715,-0.7570156635172777,0.46434923339864853,0.7957787031637797,1.0482752624963927,-0.251786495805594,110.77618066666666
전체 2011~,90,45,0.2929463437957569,-0.8164181744476765,0.3588189888030617,0.7196794960246516,0.915625263736284,-0.29432493964046846,55.4295425
전체 2011~,90,50,0.27498754971166695,-0.8487366062252244,0.3239963348990924,0.6985600640310834,0.8812418405533391,-0.3023873469682081,44.54615316666666
전체 2011~,90,60,0.27871402910371756,-0.8603859857588813,0.3239406890825692,0.7029644196124502,0.885794939641683,-0.3068954338774579,46.62491333333333
전체 2011~,90,70,0.2839234355718101,-0.864131810917872,0.3285649619474482,0.7089878391161433,0.8906641399106446,-0.3097700940584205,49.6834475
전체 2011~,90,80,0.281937050893438,-0.8669691061678116,0.3251984977177098,0.7069905671564678,0.8769949221297114,-0.3088162002581658,48.49570516666667
전체 2011~,90,90,0.2790388811914666,-0.8691596011113674,0.3210444673621142,0.7040198005142261,0.8610307639250202,-0.3075878043687359,46.81036516666667
전체 2011~,90,95,0.27659120259442926,-0.8696273550066282,0.3180571551734606,0.7013111406429927,0.8535458802061905,-0.30719214762711344,45.4298595
전체 2011~,95,1,0.6641401415896113,-0.5185114804006836,1.2808590873945396,1.274216302778929,1.801069311537057,-0.2380049601390033,2862.0603969999997
전체 2011~,95,5,0.6402338981829641,-0.5261401951934676,1.216850383285282,1.2430317797436798,1.755145259260327,-0.23944450670368145,2282.8262281666666
전체 2011~,95,10,0.6083071354169614,-0.5357225193704478,1.1354892008867037,1.197862857051697,1.6959171767566374,-0.24133958785823817,1679.046795
전체 2011~,95,15,0.5736873274019645,-0.5453444322267158,1.0519724663906822,1.145687267510651,1.622244703388181,-0.24334498026125295,1195.0140965
전체 2011~,95,20,0.5368156679901188,-0.5550000156641648,0.9672354105210522,1.0876077095161851,1.53315325034801,-0.24545555710997213,825.0120296666666
전체 2011~,95,25,0.4966627835496882,-0.5647109983092571,0.8794990447090546,1.0230723753292834,1.4293532695143534,-0.24767634858699472,545.4768793333334
전체 2011~,95,30,0.45245312401019677,-0.6009328624630002,0.7529179252333776,0.9520911698723193,1.3117547024847362,-0.24999069802349694,341.4095346666667
전체 2011~,95,35,0.4027168196638502,-0.6785951748371795,0.5934566507350677,0.8741273482696972,1.1819664538134222,-0.25238994973789874,198.05970533333334
전체 2011~,95,40,0.3423067808674167,-0.75119040803105,0.4556857718200093,0.7859198126848519,1.0324225445251491,-0.25482219565618147,99.54586549999999
전체 2011~,95,45,0.2743498346674813,-0.815773904608172,0.33630621562877216,0.6981076161873593,0.883489059621181,-0.2944238420223525,44.199227333333326
전체 2011~,95,50,0.2515064969699412,-0.8521164442491886,0.2951550796458892,0.67150772803069,0.8414046129398834,-0.31191154641749164,33.315838
전체 2011~,95,60,0.2563630137036832,-0.8645722362035975,0.2965200627184059,0.6774709523005721,0.8479938500158912,-0.3158877324531323,35.39459816666667
전체 2011~,95,70,0.26304381005843,-0.8686516418957091,0.30281852629021017,0.6852439967948606,0.8553796086288493,-0.31840058005423366,38.45313233333333
전체 2011~,95,80,0.26051058069004185,-0.8722817902136288,0.29865415466972056,0.6823027470444466,0.8403751288373026,-0.317568808162468,37.26539
전체 2011~,95,90,0.2567832106436625,-0.8752256795933754,0.29339085521686525,0.6780029075953465,0.8223226993407584,-0.31649507956073397,35.58005
전체 2011~,95,95,0.2536047758971902,-0.8759809972530007,0.28950944905479964,0.6742513932880987,0.8132212335345805,-0.3161466418243437,34.199544333333336
IS 2017~2023,1,1,1.1294701615206821,-0.3037092183653747,3.7189195889401128,1.7519387842051328,2.5144242765477682,-0.13095169447550004,196.21538266666664
IS 2017~2023,1,5,1.1181726515335133,-0.3066159743733311,3.6468179905461895,1.7327322822415971,2.456592006415668,-0.13155320268105486,189.059281
IS 2017~2023,1,10,1.1048348581249257,-0.3111054018731949,3.5513200718232825,1.7085905119358933,2.411026937081853,-0.14032604795974124,180.89971666666668
IS 2017~2023,1,15,1.0922890605219409,-0.32081236207352026,3.4047598835097945,1.6846987166860945,2.3741909180690057,-0.1488939909574153,173.50194916666666
IS 2017~2023,1,20,1.0801431486326947,-0.328517634888545,3.2879304911565885,1.6605691737929595,2.337071677895798,-0.1578958179651161,166.58846683333334
IS 2017~2023,1,25,1.0695052771778042,-0.3344793021444489,3.197523046481141,1.638549186243554,2.2995589292900456,-0.16621985276111972,160.72861166666667
IS 2017~2023,1,30,1.0594408076016402,-0.33847231182796256,3.130066391191634,1.617340926502008,2.262356116729831,-0.17473751825916128,155.34810316666665
IS 2017~2023,1,35,1.0504913911028697,-0.340752223824644,3.0828599717179475,1.5979677693117398,2.226560822894691,-0.18311750631424062,150.69407733333335
IS 2017~2023,1,40,1.0421235410018546,-0.34137259103246564,3.0527452067841767,1.5801979846867866,2.1938614027951244,-0.19140027040598062,146.45107783333333
IS 2017~2023,1,45,1.0337022998228398,-0.3459384483114981,2.9881104712941564,1.5636106841369823,2.1624379131711424,-0.19947340064231178,142.28476483333336
IS 2017~2023,1,50,1.0267416213278708,-0.35720499957910645,2.8743764016116162,1.5496299603617283,2.1341577666223186,-0.20731146733247652,138.91811666666666
IS 2017~2023,1,60,1.0214485400772806,-0.3720828356724688,2.7452181131419486,1.5398178209340856,2.105557903765691,-0.2175542074163983,136.40393266666666
IS 2017~2023,1,70,1.0192692685212053,-0.377676395647197,2.69878997011332,1.5421426204051052,2.0974416221130605,-0.22222330494538545,135.38017983333333
IS 2017~2023,1,80,1.0182538607484255,-0.3776023030513699,2.6966304297405195,1.5462998299373183,2.093940178480928,-0.22515023970492054,134.90542633333334
IS 2017~2023,1,90,1.0175704954264453,-0.3740076955861613,2.720720743009483,1.55060175217426,2.094449140019759,-0.22611603629754895,134.58672283333334
IS 2017~2023,1,95,1.0172174145255783,-0.3709958494043265,2.741856589929051,1.553178176578818,2.104786863064896,-0.22601956824896574,134.42230816666665
IS 2017~2023,5,1,1.1090521880951703,-0.30739013057018083,3.6079629038121004,1.732902713328213,2.4596193968745625,-0.13481602154258798,183.44644250000002
IS 2017~2023,5,5,1.0970707347083475,-0.31341096860053774,3.5004222717764355,1.7127759969968452,2.4189358813966355,-0.13185298090367503,176.29034083333335
IS 2017~2023,5,10,1.0828896733453028,-0.3262050179601824,3.31965976525071,1.6874734409089867,2.3823413716777826,-0.1406614701098814,168.1307765
IS 2017~2023,5,15,1.0695133837528683,-0.337054071083162,3.1731210969084698,1.6624360821635373,2.3465592787382943,-0.14926589284215874,160.733009
IS 2017~2023,5,20,1.0565270838618859,-0.34586819263832724,3.054710165171769,1.6371802649450389,2.307970573060152,-0.15830904246519073,153.8195266666667
IS 2017~2023,5,25,1.0451222399053015,-0.3528264534399618,2.9621425199716303,1.6141463138277843,2.2718316924831305,-0.1666722930348451,147.9596715
IS 2017~2023,5,30,1.0343042481386147,-0.3577438407627833,2.8911867383468173,1.5920061498911633,2.233266170904621,-0.17523289729552538,142.57916300000002
IS 2017~2023,5,35,1.0246609986277369,-0.3608314423523875,2.8397220373801413,1.571837468854336,2.1976000124015407,-0.18365739037461604,137.92513716666667
IS 2017~2023,5,40,1.0156232994389387,-0.3621421488650842,2.8044879686658852,1.5534091069082594,2.162379789597555,-0.19198665294771555,133.68213766666668
IS 2017~2023,5,45,1.0065065345009816,-0.3618823582730193,2.781308653188423,1.5362640787091035,2.127789288783688,-0.2001076689929222,129.51582466666667
IS 2017~2023,5,50,0.9989541640741879,-0.3674626349681933,2.718519024827259,1.5219678022639245,2.0974345353438513,-0.20799465819421403,126.14917650000001
IS 2017~2023,5,60,0.9932006437062579,-0.3824697139777643,2.596808603161713,1.5120528166560083,2.0647199985490214,-0.21829684833129515,123.63499250000001
IS 2017~2023,5,70,0.9908291044818116,-0.38813921992678113,2.552767289707859,1.5142688774219148,2.0527936232402215,-0.22299344104120933,122.61123966666668
IS 2017~2023,5,80,0.9897235677298382,-0.38826746093474107,2.549076776475452,1.5184703889511368,2.04709350081429,-0.2259457680859649,122.13648616666669
IS 2017~2023,5,90,0.9889793501385975,-0.3848869651885427,2.569531939472492,1.5228503836595155,2.0439240300894115,-0.22692714229291322,121.81778266666669
IS 2017~2023,5,95,0.9885947661851764,-0.38199547372642306,2.5879750787130704,1.5254455304030388,2.0459333106381297,-0.22683601130005393,121.653368
IS 2017~2023,10,1,1.083355174487056,-0.32230184302468534,3.3613061728724927,1.7073576546216054,2.4228299733560843,-0.14080465093664873,168.39338716666668
IS 2017~2023,10,5,1.0704417699512825,-0.3300706080318683,3.24306904008833,1.685989505448474,2.39024828839301,-0.13784282040423546,161.2372855
IS 2017~2023,10,10,1.055104126772635,-0.34446393277122567,3.0630322259990517,1.6591079387408385,2.35604578154749,-0.1410144986844717,153.07772116666666
IS 2017~2023,10,15,1.040580507784933,-0.3568684078222386,2.9158661427471086,1.6324950863896817,2.3186514781248793,-0.1496698083422986,145.67995366666668
IS 2017~2023,10,20,1.02642469997045,-0.36720671826617823,2.795223096180998,1.605666659330763,2.278258208453009,-0.15877049805169596,138.76647133333333
IS 2017~2023,10,25,1.0139449148007165,-0.37554787277041657,2.699908555787695,1.58120367343201,2.238540909564721,-0.16718877903449347,132.90661616666668
IS 2017~2023,10,30,1.0020636493409287,-0.3817603233645325,2.624850169104885,1.557726476578395,2.197918356727192,-0.17580958971993732,127.52610766666666
IS 2017~2023,10,35,0.9914349554252309,-0.3859907272781439,2.568546043622456,1.536395845724746,2.160933383807015,-0.18429662159618188,122.87208183333334
IS 2017~2023,10,40,0.9814399695139535,-0.38828839720540465,2.527605708997716,1.5169776880119497,2.1240662198680687,-0.19269132263107203,118.62908233333334
IS 2017~2023,10,45,0.9713229951882212,-0.38883788939821795,2.498015295503949,1.4989634971290644,2.0873401363527857,-0.20087982848574226,114.46276933333334
IS 2017~2023,10,50,0.9629146654826426,-0.386171668683742,2.4934886310140696,1.4841245303898731,2.0554654347272483,-0.2088358923986513,111.09612116666668
IS 2017~2023,10,60,0.9564917971136082,-0.39542051190266947,2.4189230662597576,1.4739286983294104,2.0234630860505627,-0.21922346568883155,108.58193716666668
IS 2017~2023,10,70,0.9538399024384827,-0.4011893009897479,2.3775307568903923,1.4758798338102044,2.0103312369823794,-0.22395968989872683,107.55818433333334
IS 2017~2023,10,80,0.9526027700912938,-0.40156812480874815,2.3722071330860306,1.4800174792684435,2.003077248010551,-0.22694730433390808,107.08343083333334
IS 2017~2023,10,90,0.9517696403563669,-0.3984493160967285,2.3886843367684762,1.4843916070229641,1.9970559880808183,-0.22794952236286403,106.76472733333334
IS 2017~2023,10,95,0.9513390068822112,-0.395703867800405,2.404169087783775,1.486956249460065,1.99742579662221,-0.22786509266176658,106.60031266666667
IS 2017~2023,15,1,1.0576722147177802,-0.34086843899801156,3.1028751674013155,1.6801938721272427,2.398529526703088,-0.14692233976419233,154.41873249999998
IS 2017~2023,15,5,1.0437399727588157,-0.3498009852396595,2.9838108433105672,1.657485542972123,2.365254268765939,-0.1441866559310554,147.26263083333333
IS 2017~2023,15,10,1.027127744295531,-0.3619033358437713,2.838127319000254,1.6288825146900976,2.3289847975483866,-0.14127309923366305,139.1030665
IS 2017~2023,15,15,1.0113283810097515,-0.3760123417663964,2.6896148574773515,1.6005296619182712,2.2881867370015803,-0.14998682474983438,131.705299
IS 2017~2023,15,20,0.9958602809230559,-0.38804016901654725,2.5663845148995112,1.5719350803028804,2.2454049663611655,-0.1591534462413281,124.79181666666666
IS 2017~2023,15,25,0.982163512561183,-0.3979321609487013,2.468168217968682,1.5458485345386457,2.204096793655908,-0.16763533872836844,118.93196149999999
IS 2017~2023,15,30,0.9690680884934975,-0.40561444524280055,2.3891360375822264,1.5208232025385744,2.162024034185687,-0.17632569317022528,113.551453
IS 2017~2023,15,35,0.9573047134462738,-0.4111579278566979,2.3283138876503093,1.49812160848338,2.121642068497202,-0.18488514892594676,108.89742716666666
IS 2017~2023,15,40,0.9461986552908139,-0.41460447016588775,2.282171861080585,1.4775021184915502,2.082802599645748,-0.19335577034297757,104.65442766666666
IS 2017~2023,15,45,0.9349113472909487,-0.4161092627489641,2.246792924326163,1.458395987268386,2.044286564037553,-0.20162271633139417,100.48811466666666
IS 2017~2023,15,50,0.9254936758401127,-0.4140745185967878,2.235089662064736,1.4428202061996893,2.0118908720616497,-0.20965923424499977,97.1214665
IS 2017~2023,15,60,0.9182764320498347,-0.4083864717658702,2.24854762715129,1.4321486392298395,1.9782865124836582,-0.22014810318896028,94.6072825
IS 2017~2023,15,70,0.9152904739464855,-0.41426177890256,2.209449484746635,1.4336787077414128,1.9647045672427574,-0.2249315285536838,93.58352966666668
IS 2017~2023,15,80,0.913896261407732,-0.41489058702625947,2.2027404091235483,1.4376118929202524,1.9574195765462965,-0.22795954971233368,93.10877616666667
IS 2017~2023,15,90,0.9129569012979333,-0.41202791137006933,2.215764699683043,1.4418586734961416,1.95224203727449,-0.22898460571397927,92.79007266666667
IS 2017~2023,15,95,0.9124712171793377,-0.4094239025049451,2.2286710951574613,1.4443300505146475,1.9519299945815387,-0.22890693235025572,92.62565799999999
IS 2017~2023,20,1,1.032052982942461,-0.35831480310375685,2.8802968060563505,1.6515823095931723,2.3695867201904215,-0.15317915989054898,141.4807915
IS 2017~2023,20,5,1.017007603807635,-0.3686852817756172,2.7584708532698854,1.6274342711517733,2.3358234320919418,-0.15067484481976612,134.32468983333334
IS 2017~2023,20,10,0.9989903473696313,-0.3803277138717114,2.6266567250647466,1.5969618327223707,2.295337328682599,-0.14743554984362184,126.16512549999999
IS 2017~2023,20,15,0.9817704900952862,-0.39438354004040055,2.4893799827313123,1.5666929862240233,2.2524954354728024,-0.1501980489492878,118.767358
IS 2017~2023,20,20,0.9648260376907465,-0.4082887806972124,2.3630971099503784,1.5361197360201488,2.2067562952940176,-0.1594410915092812,111.85387566666667
IS 2017~2023,20,25,0.9497460771628294,-0.41992651771255196,2.2616958851189994,1.5081908650445681,2.161762071648979,-0.16799733428523067,105.9940205
IS 2017~2023,20,30,0.9352568746026273,-0.4292852996209353,2.1786370868708334,1.4813753119151203,2.1166816048030155,-0.17676893953905637,100.613512
IS 2017~2023,20,35,0.9221782274010586,-0.4363469443330309,2.113405947670002,1.4570589486253824,2.0741879428899312,-0.18541323342369675,95.95948616666666
IS 2017~2023,20,40,0.9097720943877654,-0.44114083744933186,2.0623166507278055,1.4349870581854023,2.0325664113124655,-0.19397296197892389,91.71648666666667
IS 2017~2023,20,45,0.8971020755127681,-0.4437830387567966,2.021487973100299,1.414519084415231,1.9919038246081182,-0.20233214851591652,87.55017366666667
IS 2017~2023,20,50,0.8864807255215701,-0.4425203938057667,2.0032539470049118,1.397968251256431,1.9581266716478456,-0.21046348597169862,84.1835255
IS 2017~2023,20,60,0.8783087487292593,-0.43611742257712005,2.01392722065339,1.3865882741769782,1.9243953967917828,-0.2210737203636931,81.6693415
IS 2017~2023,20,70,0.8749193160727937,-0.4302252570809574,2.0336307589402085,1.387525222406995,1.9102533980140337,-0.22591390150076818,80.64558866666667
IS 2017~2023,20,80,0.8733349781270583,-0.4282327119017697,2.039393427579602,1.3911042661686122,1.9022928213980923,-0.22898885337336072,80.17083516666668
IS 2017~2023,20,90,0.8722668915517067,-0.4256206310691053,2.0493999300754813,1.3950946311651808,1.8977222157895366,-0.23003934049319874,79.85213166666668
IS 2017~2023,20,95,0.8717144517342621,-0.4231530638391504,2.0600452323928335,1.3974063826458925,1.896758375512292,-0.22996853802483674,79.68771699999999
IS 2017~2023,25,1,1.0073988797633424,-0.37452251550837223,2.689821941401605,1.62235031351005,2.3382002572640515,-0.1594457167737926,129.91864683333336
IS 2017~2023,25,5,0.9911806719610392,-0.38638087000763666,2.5652943737650595,1.5966957409939868,2.3028380425677333,-0.15717629249528142,122.76254516666668
IS 2017~2023,25,10,0.9716685597058758,-0.39993322758655847,2.4295769710596886,1.5642530561521162,2.259473340892256,-0.15423640905975666,114.60298083333333
IS 2017~2023,25,15,0.9529205634205735,-0.411957345661053,2.313153469545388,1.5319430607570206,2.212967658420244,-0.15123626764898568,107.20521333333335
IS 2017~2023,25,20,0.9343694769246171,-0.42789945989335887,2.183619201476629,1.4992309165794802,2.1628739174539606,-0.1597250519223593,100.291731
IS 2017~2023,25,25,0.9177667988625335,-0.441458728708515,2.0789413351219834,1.4692881767576784,2.1148246017597216,-0.1683562467016173,94.43187583333335
IS 2017~2023,25,30,0.9017256925013464,-0.4526930014246595,1.991914365063181,1.44048214267476,2.066369641097625,-0.17720983786848032,89.05136733333333
IS 2017~2023,25,35,0.887166013564147,-0.46148133385804346,1.922430981438241,1.414340582036278,2.020902575609863,-0.18593982353075234,84.39734150000001
IS 2017~2023,25,40,0.873279793116797,-0.467835727405545,1.8666376720728544,1.3905881746566011,1.9766802161128818,-0.19458964828514858,80.15434200000001
IS 2017~2023,25,45,0.859017540948865,-0.4718217716130938,1.8206398954673118,1.3684996024583398,1.9335235258299113,-0.20304219700715131,75.988029
IS 2017~2023,25,50,0.8469945971914863,-0.4715095689109564,1.7963465707552575,1.350735564681514,1.8981040173392585,-0.21126960753418844,72.62138083333335
IS 2017~2023,25,60,0.8377004095411211,-0.465720057169852,1.7987209196695706,1.3384119955829095,1.863177609768918,-0.22200287637912797,70.10719683333335
IS 2017~2023,25,70,0.8338338908925282,-0.4599509457930554,1.8128756958088592,1.3385811428103693,1.8483729469356482,-0.22690062989567927,69.083444
IS 2017~2023,25,80,0.8320241510921569,-0.456075672587961,1.8243116243646795,1.3416523756348497,1.8407096542117725,-0.23002330203184196,68.60869050000001
IS 2017~2023,25,90,0.830803238514503,-0.45315699368146856,1.83336735413707,1.3452520538136845,1.8360631259670581,-0.23109972892176422,68.289987
IS 2017~2023,25,95,0.8301714767330357,-0.4521910491019868,1.8358865757773977,1.3473354130493205,1.8350059070825568,-0.231035979308839,68.12557233333334
IS 2017~2023,30,1,0.9833668904727866,-0.3893750812030755,2.525500315619631,1.5926051792305023,2.302949959748298,-0.16574755963140375,119.43716966666666
IS 2017~2023,30,5,0.9658987093186713,-0.4027772762977241,2.3980963330331977,1.5653728728830874,2.265149291728099,-0.16371711759715313,112.281068
IS 2017~2023,30,10,0.9447765753670223,-0.4183376957990219,2.2584065095126222,1.5308452777595685,2.218553220615547,-0.1610821668132737,104.12150366666667
IS 2017~2023,30,15,0.9243626864103656,-0.43244402323793085,2.1375314184924714,1.4963452667223165,2.1680976673129724,-0.15838979136685116,96.72373616666667
IS 2017~2023,30,20,0.9040376708570839,-0.44674445835508614,2.0236125013967765,1.4612996052335074,2.1138037906681917,-0.15998361833001928,89.81025383333333
IS 2017~2023,30,25,0.8857318440051383,-0.46243910310187075,1.915348070835654,1.4291284476338375,2.0618479868211477,-0.16869260697581712,83.95039866666667
IS 2017~2023,30,30,0.8679324008431535,-0.475791441307156,1.824186661404957,1.3980791367879644,2.0096215711281484,-0.1776313564670826,78.56989016666667
IS 2017~2023,30,35,0.8516728599884558,-0.48656241774183273,1.7503876767571238,1.3698436692145108,1.960779404332293,-0.18645047232653056,73.91586433333332
IS 2017~2023,30,40,0.8360659684573546,-0.4947403884779361,1.6899084609394903,1.3441177841782952,1.9135265626341758,-0.1951941271652874,69.67286483333332
IS 2017~2023,30,45,0.8199275394149583,-0.5003263712648902,1.6387853739191776,1.3200726595177685,1.8670353082099311,-0.20374403163100974,65.50655183333333
IS 2017~2023,30,50,0.8062308949720194,-0.5011824255165003,1.6086575544646189,1.300784750169324,1.829557317386559,-0.21207175864162053,62.13990366666666
IS 2017~2023,30,60,0.7955812861991853,-0.49620395179305565,1.6033352481863878,1.287226679544578,1.7936355682558773,-0.2229339486879397,59.62571966666666
IS 2017~2023,30,70,0.7911343257489702,-0.49064197905675566,1.6124472823746188,1.2864342845209176,1.778009896982719,-0.2278921020598228,58.60196683333333
IS 2017~2023,30,80,0.7890494692207326,-0.4868896262593756,1.6205920739834998,1.2888415065025394,1.769513507326024,-0.231064620801403,58.12721333333333
IS 2017~2023,30,90,0.7876416987948263,-0.4840545927275468,1.6271753447408264,1.2919157941287998,1.7645935050292716,-0.23216799706226554,57.80850983333333
IS 2017~2023,30,95,0.7869128477142129,-0.4831147700073244,1.6288321048480523,1.2937014180831647,1.7633233035127922,-0.23211147874780202,57.644095166666666
IS 2017~2023,35,1,0.9596670209073868,-0.4026534011620301,2.3833575430825955,1.5623328023764138,2.263310780201021,-0.1722215792739924,109.818692
IS 2017~2023,35,5,0.94085138789332,-0.4176628266906349,2.2526577127971543,1.5334487059131472,2.223378514668479,-0.17043748885695553,102.66259033333333
IS 2017~2023,35,10,0.9179736189532759,-0.4353443477452381,2.1086149934131466,1.496705573182018,2.17282126945199,-0.16811690405217294,94.503026
IS 2017~2023,35,15,0.8957187062526146,-0.4516898081475432,1.9830394445385195,1.459835823348846,2.1181446459757094,-0.1657418680531505,87.10525849999999
IS 2017~2023,35,20,0.8734050312698016,-0.4665713091565268,1.8719647224960183,1.4222136549301994,2.0592771292547947,-0.16279109308354234,80.19177616666667
IS 2017~2023,35,25,0.8531615831992441,-0.48270254886784103,1.7674685687910692,1.3875377965673517,2.0026442638798656,-0.16889004881310632,74.331921
IS 2017~2023,35,30,0.8333316648814653,-0.498480275093399,1.671744513311637,1.3539143334321042,1.9461484896271641,-0.1779314305428883,68.9514125
IS 2017~2023,35,35,0.81507917733066,-0.5115621129965603,1.5933141970897688,1.3232270660259269,1.893070392409687,-0.18685830573700501,64.29738666666667
IS 2017~2023,35,40,0.7974239157044292,-0.5222754295025802,1.5268264035777115,1.2951326126383116,1.8425271635715188,-0.1957156795164432,60.05438716666667
IS 2017~2023,35,45,0.7790152130753634,-0.5349581049581253,1.4562172361821528,1.2686712680708199,1.7924080757816612,-0.20438386019489674,55.88807416666667
IS 2017~2023,35,50,0.7632598200451346,-0.5405118535705721,1.4121056087912036,1.2474262865688945,1.752227920103532,-0.21283379329052265,52.521426
IS 2017~2023,35,60,0.7509190953278881,-0.5397424572323467,1.3912544497210728,1.2322313681823196,1.7148163035325608,-0.22385572649105046,50.007242
IS 2017~2023,35,70,0.7457412512794217,-0.5341761218376846,1.3960587543934124,1.2302353299525135,1.6981061739537793,-0.22888900582909688,48.983489166666665
IS 2017~2023,35,80,0.7433085516389468,-0.5270894291251895,1.4102133538754822,1.2317997658640494,1.689047776973926,-0.23212141030503153,48.50873566666667
IS 2017~2023,35,90,0.741664003610933,-0.5209582031832072,1.4236535658314788,1.2341982310159667,1.683682637649133,-0.2332557118644225,48.19003216666667
IS 2017~2023,35,95,0.7408119574049143,-0.5183281320822628,1.4292335521687285,1.2356097681923235,1.6820925291209208,-0.23320658206088618,48.0256175
IS 2017~2023,40,1,0.9369719830713139,-0.4142849116296874,2.261660892706697,1.53238882826191,2.221185434543472,-0.17870038145464928,101.23793850000001
IS 2017~2023,40,5,0.9167473531877208,-0.43092987943459815,2.1273701289651576,1.501817876746017,2.1789248823761205,-0.17716699712137096,94.08183683333336
IS 2017~2023,40,10,0.8920107914667172,-0.45080409255129117,1.9787105002052015,1.4627829009167095,2.1238795055635538,-0.17516681644975174,85.92227249999999
IS 2017~2023,40,15,0.8677778731900536,-0.46950629589204096,1.8482773943239983,1.423420689053239,2.0648261060489648,-0.17311576903906178,78.52450500000002
IS 2017~2023,40,20,0.8432932529088497,-0.4869572932684667,1.7317601862961107,1.3830356170183384,2.0011324090233207,-0.1705382881080202,71.61102266666667
IS 2017~2023,40,25,0.8208990323913341,-0.5025869241779639,1.6333473731613781,1.3456256151257258,1.939253046662424,-0.1690789644827998,65.75116750000001
IS 2017~2023,40,30,0.7987762008871315,-0.5302436132870267,1.50643247909286,1.3091328075586346,1.8780840345194496,-0.17822507471452143,60.370659
IS 2017~2023,40,35,0.7782328174265738,-0.5557262093433188,1.4003889043602655,1.2756557596572895,1.8212496454619438,-0.18726207119335914,55.71663316666667
IS 2017~2023,40,40,0.7581796658004765,-0.5761177401784965,1.3160151353186458,1.2447982064536627,1.7664618276821153,-0.19623582705365594,51.47363366666667
IS 2017~2023,40,45,0.7370599613447586,-0.5914418402516007,1.2462086906655294,1.215433782204143,1.7122761597694411,-0.2050252348466891,47.30732066666667
IS 2017~2023,40,50,0.7187956666112221,-0.5995315519428559,1.1989288374929996,1.1917486879761172,1.6683760761607858,-0.21360061152115128,43.9406725
IS 2017~2023,40,60,0.7043567283937671,-0.6015882840372797,1.1708285335392583,1.174460729830632,1.6289244488907553,-0.2247867276580351,41.4264885
IS 2017~2023,40,70,0.6982613334860155,-0.5978129535396395,1.1680264359472692,1.1709946669641071,1.6108763677737274,-0.22989729625826005,40.40273566666667
IS 2017~2023,40,80,0.6953896377705169,-0.5922639890765634,1.1741210855225948,1.1715281190553972,1.6010607501258998,-0.23319144588371776,39.927982166666666
IS 2017~2023,40,90,0.6934454031404731,-0.5873721291797087,1.1805895593120845,1.1730923836439155,1.5950703038892957,-0.23435773154874728,39.60927866666667
IS 2017~2023,40,95,0.6924371532291624,-0.5852122673059942,1.183223920470387,1.174049279518997,1.5938218594740583,-0.23431629690317335,39.444864
IS 2017~2023,45,1,0.9185282676381461,-0.4247004042694068,2.162767584877272,1.5070778196216978,2.183353975310033,-0.1851598608202335,94.69406283333332
IS 2017~2023,45,5,0.8970641838219713,-0.4419762513087513,2.0296660310721295,1.4750092314889645,2.138009201144767,-0.1838805535993817,87.53796116666666
IS 2017~2023,45,10,0.8706724713248493,-0.46380316116221654,1.8772456598680425,1.4339260756519077,2.0792726887108866,-0.1822055606130315,79.37839683333333
IS 2017~2023,45,15,0.8446524293100777,-0.48463886364423936,1.7428491453589137,1.392315078177128,2.0162128988567196,-0.1804838882654688,71.98062933333333
IS 2017~2023,45,20,0.8181746061478203,-0.5044603881015493,1.6218807768571901,1.3494021255320179,1.9474387271563813,-0.17828658459116964,65.067147
IS 2017~2023,45,25,0.7937716921663271,-0.5363012580386758,1.4800854562028338,1.3094582746753878,1.8819494964094232,-0.17634776613355474,59.20729183333333
IS 2017~2023,45,30,0.7694686622407891,-0.5695025001630549,1.3511242918520667,1.2702605852216144,1.8163461147423923,-0.17850062138253708,53.82678333333333
IS 2017~2023,45,35,0.7467054578700465,-0.5972999967761685,1.2501347093592334,1.2341072742543229,1.7549865779669898,-0.18765089530280332,49.1727575
IS 2017~2023,45,40,0.7242824872402196,-0.6200123397762609,1.1681743100493547,1.200538040982367,1.6963138280542676,-0.19674455976067706,44.929758
IS 2017~2023,45,45,0.7004239314238212,-0.6376147045232584,1.0985065533385479,1.1682426393912206,1.6376922847299442,-0.20565907030963726,40.763445000000004
IS 2017~2023,45,50,0.6795660445437341,-0.6479152694802596,1.0488501761794624,1.1420087364094338,1.5898741237155205,-0.21436411464797267,37.39679683333333
IS 2017~2023,45,60,0.662912659184896,-0.6524656896473273,1.01601152321621,1.1224796536521298,1.548001213783657,-0.22572033833806382,34.88261283333333
IS 2017~2023,45,70,0.6558354538828806,-0.6502926099896542,1.0085236150743195,1.117495868279413,1.528465169106814,-0.23091108110886593,33.85886
IS 2017~2023,45,80,0.6524910670004025,-0.6461325323070284,1.0098409140160005,1.116968415164474,1.517741162299993,-0.2342692747584273,33.3841065
IS 2017~2023,45,90,0.6502230356045238,-0.6423665216742005,1.012230578128273,1.1176718360611675,1.5110094812970676,-0.2354687338496384,33.065402999999996
IS 2017~2023,45,95,0.6490456569381711,-0.6406359694788359,1.0131270922333264,1.118165844422715,1.5092267436749203,-0.23543526831785666,32.90098833333333
IS 2017~2023,50,1,0.9000043493273395,-0.43165222977732787,2.0850218931838156,1.4848413292465272,2.144979909500568,-0.19156382918177772,88.489926
IS 2017~2023,50,5,0.8772019514654579,-0.4491394348036978,1.9530726618312872,1.451234390657008,2.0976201983971694,-0.19053939124678443,81.33382433333334
IS 2017~2023,50,10,0.8490013735703221,-0.472970720795994,1.7950400230726355,1.4079556655261183,2.034916880733001,-0.18919089727743577,73.17425999999999
IS 2017~2023,50,15,0.8209994338368123,-0.49604902020814345,1.6550772209817466,1.363836682153182,1.9677827770851373,-0.18780029068715376,65.7764925
IS 2017~2023,50,20,0.792274525749469,-0.5241515412184683,1.5115371480310997,1.3180081285712881,1.8942661518960622,-0.18598529271678732,58.86301016666667
IS 2017~2023,50,25,0.7655663661698964,-0.5651534386156728,1.3546168418352533,1.2750481166419225,1.8239614350934605,-0.184400168313416,53.003155
IS 2017~2023,50,30,0.7387130226317462,-0.6012979598698452,1.2285307317384635,1.2325506459315232,1.7531854648228031,-0.18246048537662107,47.6226465
IS 2017~2023,50,35,0.7132992454795568,-0.6319395936178394,1.1287459318634165,1.1930520678765002,1.6867187378876383,-0.1879092032616868,42.96862066666667
IS 2017~2023,50,40,0.6879837165609084,-0.6574305712800976,1.046473569401131,1.1560273237983487,1.622269967711261,-0.19713980160647193,38.72562116666667
IS 2017~2023,50,45,0.6606971012430432,-0.6776877006242285,0.9749285705413644,1.1199293949054285,1.558156293560214,-0.20619755575711385,34.55930816666667
IS 2017~2023,50,50,0.636504287659841,-0.6904119749643259,0.9219195360751523,1.0902930173129068,1.5058805071492238,-0.2150514984338069,31.19266
IS 2017~2023,50,60,0.6169315394380541,-0.6975209418260557,0.8844631070473313,1.0677215347461233,1.4599730718782569,-0.22660560644163041,28.678476
IS 2017~2023,50,70,0.6085379014220615,-0.6968420183947903,0.8732795746500166,1.0608107757988556,1.4383069128671724,-0.23188991978486284,27.654723166666663
IS 2017~2023,50,80,0.6045547537774063,-0.6939031131662357,0.8712379902993395,1.0589973270320516,1.426312768736066,-0.23532110260612604,27.179969666666665
IS 2017~2023,50,90,0.6018472801568509,-0.6911125718202884,0.8708382754081206,1.0586712353900511,1.4185580019818473,-0.2365571207651701,26.861266166666667
IS 2017~2023,50,95,0.600439753558984,-0.689743154334163,0.8705265862893744,1.0586173882387668,1.4161141904184242,-0.23653161180160964,26.6968515
IS 2017~2023,60,1,0.874341691073949,-0.4292492745016294,2.0369089548004116,1.4620785645149834,2.094565821564068,-0.202725447832377,80.47222266666665
IS 2017~2023,60,5,0.8495141892054772,-0.44861638011990734,1.893631679205331,1.4262104928062116,2.0439177010731875,-0.2021530590502193,73.316121
IS 2017~2023,60,10,0.8185321114971496,-0.47285518438586416,1.731041846480428,1.3794674903628201,1.9771180081923456,-0.2013843069760758,65.15655666666666
IS 2017~2023,60,15,0.787421474365849,-0.49926924422905083,1.5771479686912218,1.3311435113399792,1.9038540746445136,-0.2005824160020997,57.758789166666666
IS 2017~2023,60,20,0.7550906064903558,-0.5488587257503686,1.3757467469575864,1.2801768567609697,1.8232119909414044,-0.19944665666911754,50.84530683333334
IS 2017~2023,60,25,0.7245883519703684,-0.5964342160297615,1.2148671764569121,1.231650591554784,1.7448162592654628,-0.19849195052766733,44.98545166666667
IS 2017~2023,60,30,0.6934188623661846,-0.6391664062414009,1.0848800180907718,1.1828443666334187,1.6645496933687352,-0.19725206229243153,39.604943166666665
IS 2017~2023,60,35,0.6633784870688326,-0.6761559242297794,0.9811028245067854,1.1367259373012415,1.5885523801909716,-0.19586255524168383,34.95091733333334
IS 2017~2023,60,40,0.6328385192921613,-0.707798887611436,0.8940936901268117,1.0927260608841969,1.5142138350848369,-0.19725540507426031,30.707917833333333
IS 2017~2023,60,45,0.5991038785097174,-0.7338821739286236,0.816348863336726,1.0488967150738744,1.4385002569680125,-0.20667380513942024,26.541604833333334
IS 2017~2023,60,50,0.5683473122964458,-0.7517225831748247,0.756059914943739,1.0122025866385607,1.3753228208516874,-0.21590484118919295,23.174956666666667
IS 2017~2023,60,60,0.5427713330989636,-0.7639821184922392,0.710450310237827,0.9831738253766069,1.320651973898968,-0.22797293708444,20.66077266666667
IS 2017~2023,60,70,0.5315862414836072,-0.7660499343101173,0.6939315802726863,0.9724286009290446,1.2940898210442833,-0.23350184823942866,19.637019833333333
IS 2017~2023,60,80,0.5262288096816183,-0.7652153811432933,0.6876871827842641,0.9681802073777628,1.2792574933349732,-0.23711525067232364,19.16226633333333
IS 2017~2023,60,90,0.5225681878419819,-0.7640882093008287,0.683910812234824,0.9659307634991915,1.2692160353105546,-0.23843627680741641,18.843562833333333
IS 2017~2023,60,95,0.5206589360695588,-0.7633121918385761,0.6821048342165964,0.9648647126814022,1.2654650656337836,-0.23842497133255536,18.679148166666668
IS 2017~2023,70,1,0.8505589294198863,-0.41557602255456283,2.046698758488196,1.4472436060619591,2.0460391861283425,-0.2127488083260204,73.60585833333333
IS 2017~2023,70,5,0.8236565332536621,-0.4357221589457805,1.8903250990183278,1.4097336862719316,1.9941428728660728,-0.21260027083425603,66.44975666666667
IS 2017~2023,70,10,0.7897668226544434,-0.46131909985577824,1.7119751228625641,1.3601654876825988,1.9245651857646149,-0.21237676683691653,58.29019233333334
IS 2017~2023,70,15,0.7553233850254013,-0.4955782660802398,1.5241253233310796,1.3080681044673472,1.847458675293777,-0.2121307582766141,50.89242483333334
IS 2017~2023,70,20,0.719009923004972,-0.5469021720179426,1.314695680128663,1.2520947184344542,1.7611951201817146,-0.2116356290641055,43.9789425
IS 2017~2023,70,25,0.6841727303360081,-0.6015653786057744,1.1373206548583126,1.1977651318665339,1.674890495225425,-0.2112802401679258,38.11908733333334
IS 2017~2023,70,30,0.6478776774842776,-0.6514081732070222,0.9945802096627631,1.1419284617312722,1.5857387212532454,-0.21070528703498503,32.738578833333335
IS 2017~2023,70,35,0.6120939239966239,-0.6953355527273489,0.8802856715664512,1.0879299822969293,1.4993373335840923,-0.2100065316820946,28.084553000000003
IS 2017~2023,70,40,0.5747281240491968,-0.7337671654040876,0.7832568029024473,1.0350372372319228,1.4129298210607628,-0.20918208246009773,23.8415535
IS 2017~2023,70,45,0.5320127051677943,-0.766350374173895,0.6942160180208559,0.9805078450403906,1.322060267376837,-0.20821460978425976,19.6752405
IS 2017~2023,70,50,0.49139524827788694,-0.7898274665085886,0.622155178332917,0.9328869788880718,1.2431568115070584,-0.21158955585974903,16.308592333333333
IS 2017~2023,70,60,0.4560681850841948,-0.8076647907111305,0.5646750859135967,0.8932906599273768,1.173387876315352,-0.2244210610407339,13.794408333333333
IS 2017~2023,70,70,0.44008013347494823,-0.8125258470118952,0.5416198575015984,0.8767232270535386,1.1395276793315228,-0.23032209120576563,12.770655500000002
IS 2017~2023,70,80,0.4322900067550097,-0.813723480304566,0.5312492722874474,0.8691137480395431,1.1205944753721129,-0.2341499536610695,12.295902000000002
IS 2017~2023,70,90,0.4269146037819105,-0.8142091020664268,0.5243304240869084,0.8642780896031095,1.1075312009842224,-0.2355227630060368,11.9771985
IS 2017~2023,70,95,0.42409341976234605,-0.81398921100525,0.5210061927462215,0.8618080206966128,1.102576367649433,-0.23548483373167628,11.812783833333334
IS 2017~2023,80,1,0.8358182471560016,-0.400205485099573,2.0884727428162213,1.4428979746978527,2.0150876443697,-0.21978047418216584,69.60723766666666
IS 2017~2023,80,5,0.8075234146753449,-0.420384128363227,1.920917941929567,1.4046381710860436,1.960425887527489,-0.2199509014324723,62.451136000000005
IS 2017~2023,80,10,0.7716482704924839,-0.44627084929405236,1.7291030138158028,1.3534490098720955,1.8913522225901804,-0.22014040188006012,54.29157166666666
IS 2017~2023,80,15,0.7348777782767042,-0.4787305389201437,1.5350551480052705,1.2988685006490834,1.811638778643427,-0.22031867930441684,46.89380416666667
IS 2017~2023,80,20,0.6957076612003408,-0.5303498309503851,1.3117901064541397,1.239282308510162,1.7218749095933852,-0.22031575869821007,39.980321833333335
IS 2017~2023,80,25,0.6576611998536592,-0.589806307668258,1.1150460605510628,1.1804567476880674,1.6306093279832248,-0.22042543858568286,34.120466666666665
IS 2017~2023,80,30,0.6174274073019288,-0.6465214997477764,0.9549990333543464,1.1188391328756564,1.5345606160653913,-0.22037036795253762,28.739958166666668
IS 2017~2023,80,35,0.5770291162756411,-0.697303232754455,0.8275153321694599,1.0579648690349113,1.4397141077848792,-0.22021655729537848,24.085932333333332
IS 2017~2023,80,40,0.5338754568907413,-0.7425881301720536,0.7189388507557283,0.9968793969664771,1.3427949541228132,-0.21997060627421328,19.842932833333332
IS 2017~2023,80,45,0.48297975072508437,-0.7819005812650167,0.6176996952012542,0.9319237528727777,1.237681156234915,-0.21960804125638977,15.676619833333332
IS 2017~2023,80,50,0.43252454914456884,-0.8112821686988986,0.5331370093320726,0.8727816011486063,1.1426373016358302,-0.2191356804393353,12.309971666666668
IS 2017~2023,80,60,0.3864243234936817,-0.835053980859722,0.4627537049710752,0.8209729528337611,1.0562000536375284,-0.2339621434436896,9.795787666666667
IS 2017~2023,80,70,0.36468463491343206,-0.8428527021743694,0.4326789651057986,0.7974972883977165,1.0127209832685589,-0.24273564669153425,8.772034833333333
IS 2017~2023,80,80,0.35385590902623365,-0.8461668477844899,0.4181869213533135,0.7859581955253456,0.9887589539013235,-0.24730619159026612,8.297281333333334
IS 2017~2023,80,90,0.346284731328248,-0.8483757207152465,0.40817378771318813,0.7780482677817356,0.9717854767547258,-0.24790496294711417,7.9785778333333335
IS 2017~2023,80,95,0.34227700376155523,-0.8487462492180686,0.4032736569697805,0.7738772315750104,0.9645445405679608,-0.246949494957598,7.814163166666667
IS 2017~2023,90,1,0.8263177228856995,-0.39938714368788497,2.068964251717262,1.4422812403420917,1.991768872043994,-0.2256208310308273,67.12996683333333
IS 2017~2023,90,5,0.7970786529755145,-0.407236449420467,1.957287109515435,1.403831082629349,1.9350076205410103,-0.22607674779517528,59.97386516666667
IS 2017~2023,90,10,0.7598410129176352,-0.4320322865766584,1.7587597883909807,1.3518294538691864,1.864999432528989,-0.22663843117854054,51.81430083333333
IS 2017~2023,90,15,0.72144850708119,-0.4585307997222724,1.5733915966346521,1.2957014782885394,1.7853950284990034,-0.2272022020947494,44.416533333333334
IS 2017~2023,90,20,0.680248478123437,-0.5068572701769783,1.3420907978412069,1.233609114476146,1.6935081263515057,-0.22764865749870233,37.503051
IS 2017~2023,90,25,0.6398678701750609,-0.5634860607635697,1.1355522607036412,1.171448172411465,1.5996694989477864,-0.22818812298529545,31.643195833333333
IS 2017~2023,90,30,0.5966869232947634,-0.6264098450603839,0.9525503598003711,1.1053231172785842,1.4986388269218471,-0.22861643829135947,26.262687333333332
IS 2017~2023,90,35,0.5527118853998285,-0.6835277794689041,0.8086165654149148,1.038830081947584,1.3976685238822935,-0.22897364427681044,21.6086615
IS 2017~2023,90,40,0.504866405680992,-0.7352882593371171,0.6866237822648537,0.9707060818043898,1.2925494379048807,-0.22927527692149363,17.365662
IS 2017~2023,90,45,0.446904112707883,-0.7811328998105928,0.5721230187798353,0.8962110325760473,1.1753375203429879,-0.22949075910876526,13.199349
IS 2017~2023,90,50,0.3871711467483008,-0.8162708715431288,0.47431699481860545,0.8255978734723322,1.0651245164290197,-0.2315933974503459,9.832700833333334
IS 2017~2023,90,60,0.32974191160872834,-0.8458640654281677,0.38982849028090155,0.76027613350858,0.9608762491267449,-0.2529542317584189,7.318516833333334
IS 2017~2023,90,70,0.3013592255672197,-0.8564043984474383,0.35188892784010567,0.7285771883168566,0.9069270584846935,-0.26309847720421486,6.294764
IS 2017~2023,90,80,0.2868298647323597,-0.8615913208414219,0.3329070961999065,0.7122310073818586,0.8767951192342742,-0.2687486595552623,5.8200105
IS 2017~2023,90,90,0.27649545293062383,-0.8653693948512657,0.3195114763425926,0.7004787506940744,0.8546858569502589,-0.2698762272381675,5.501307
IS 2017~2023,90,95,0.27096191682876425,-0.8662565187407162,0.31279639571736056,0.6941125561425724,0.8445731020278652,-0.2690247072616738,5.336892333333334
IS 2017~2023,95,1,0.82300206039489,-0.4037406790053103,2.0384422556144393,1.4428480131673318,1.9822629602279198,-0.22784331160878157,66.28337866666666
IS 2017~2023,95,5,0.793424400932649,-0.41164893200808617,1.9274297568615177,1.4044246083883127,1.9255993742383917,-0.22841549141126016,59.127277
IS 2017~2023,95,10,0.7556949488988725,-0.4265665457357367,1.7715757516695527,1.3522130131258308,1.8543064887958653,-0.22912969091922863,50.967712666666664
IS 2017~2023,95,15,0.7167118136693973,-0.45291535045914155,1.5824409858107764,1.2955604403340875,1.7748018052583925,-0.22985262416264773,43.56994516666666
IS 2017~2023,95,20,0.6747644740735397,-0.4953831802691334,1.3621061452004717,1.2325361536152848,1.6824502604241283,-0.23048543275624522,36.656462833333336
IS 2017~2023,95,25,0.6335129071400218,-0.5494198819856418,1.153057848672061,1.1690716846633133,1.5876382622944543,-0.2312051299647374,30.796607666666667
IS 2017~2023,95,30,0.5892136660804637,-0.615083747074763,0.9579405550588304,1.1011289983810886,1.4849041288552858,-0.23183730016065796,25.416099166666665
IS 2017~2023,95,35,0.5438521114426609,-0.675059978960466,0.8056352448565328,1.0323070863683517,1.381579656761171,-0.2324117146171678,20.762073333333333
IS 2017~2023,95,40,0.49413607227952117,-0.7298101433927282,0.6770748211067474,0.9611918702701615,1.2731875054904673,-0.23294812868081227,16.519073833333334
IS 2017~2023,95,45,0.43323643898524566,-0.7787572220536536,0.5563177158636959,0.88252616372879,1.1512316243007192,-0.23341366269874209,12.352760833333333
IS 2017~2023,95,50,0.3694040373407237,-0.8166923919880058,0.4523172261241646,0.8066504660064433,1.0343246101904837,-0.23829442196283002,8.986112666666667
IS 2017~2023,95,60,0.3065412181932614,-0.8492109717054175,0.36097180607270507,0.7346355456592557,0.9213282772623655,-0.2610611626949917,6.471928666666666
IS 2017~2023,95,70,0.2747229519285961,-0.8611672174486413,0.3190123199795168,0.6985666931224102,0.86197931697013,-0.2719065238336106,5.448175833333333
IS 2017~2023,95,80,0.2581908319118915,-0.8673491364398901,0.2976780872483003,0.679562820542692,0.8285179855771944,-0.27810960530052375,4.973422333333333
IS 2017~2023,95,90,0.2463166983243219,-0.8719959157883113,0.28247460092934495,0.665651530215463,0.8035876448764857,-0.27950790962227134,4.654718833333334
IS 2017~2023,95,95,0.23991606211003802,-0.8731762623523251,0.2747624648701596,0.6580198801134288,0.7918539974801082,-0.27870861835284,4.490304166666666
OOS 2024~2026,1,1,2.099736437075525,-0.3063227792837986,6.854653258190062,2.3443388147832254,3.427734244203888,-0.14450133570437274,19.620592666666667
OOS 2024~2026,1,5,2.07608239653406,-0.3101660507280015,6.693454656501621,2.3322142371155152,3.3485392630970146,-0.14500040231752942,19.229104166666666
OOS 2024~2026,1,10,2.0463837554654436,-0.3146759719689617,6.503145895318917,2.314759706597929,3.3099532321106624,-0.1455944026839192,18.744480333333332
OOS 2024~2026,1,15,2.0164980898972784,-0.3188966239433786,6.323359792781362,2.2944612316904256,3.2672096463227844,-0.14614505122684318,18.264521999999996
OOS 2024~2026,1,20,1.9862592931034082,-0.323037361711787,6.148698350488458,2.2713571558309127,3.230790590325919,-0.1466471775189886,17.786722833333332
OOS 2024~2026,1,25,1.9565331678652433,-0.3266589696895067,5.989528374882685,2.2467761401888207,3.1829965403534284,-0.1470984757877516,17.324653333333334
OOS 2024~2026,1,30,1.9276688747047004,-0.33008353983739114,5.839942445037782,2.220980864197833,3.1402090183217384,-0.1474910585454784,16.883173
OOS 2024~2026,1,35,1.8969549801673504,-0.3331236906568623,5.69444633741564,2.1921685910187887,3.090173384219749,-0.14782046068507193,16.421135999999997
OOS 2024~2026,1,40,1.865118466133572,-0.3449339094039383,5.407176317795437,2.1608018379803307,3.033812205715873,-0.14805856533790618,15.950571333333334
OOS 2024~2026,1,45,1.8358231794776194,-0.3567612045287396,5.145803849111433,2.130694960635322,2.979437987509424,-0.14827064946839674,15.525035833333332
OOS 2024~2026,1,50,1.8206991264950907,-0.35605730940967284,5.113500210159226,2.114293916977752,2.9546553091580985,-0.14883265057490735,15.308133666666667
OOS 2024~2026,1,60,1.7846163882446548,-0.361051056526297,4.942836632066947,2.0887939399227817,2.910011094834157,-0.14945690565811776,14.798267833333332
OOS 2024~2026,1,70,1.7578826807636871,-0.3652694681855929,4.812563966804117,2.077419511291187,2.8863657225391393,-0.14961579192593133,14.427389833333331
OOS 2024~2026,1,80,1.7283168138278375,-0.3718717947913983,4.6476146834350205,2.0596033431027863,2.8485376325402454,-0.1494216303380731,14.023994666666665
OOS 2024~2026,1,90,1.710452503563603,-0.37811623770624336,4.523615579007334,2.0535884653895202,2.8338264510048945,-0.14812678946190672,13.783683333333334
OOS 2024~2026,1,95,1.7056202995529546,-0.3811952997984793,4.474400131519562,2.0537574408299744,2.827648750102573,-0.14750727562520716,13.719122333333333
OOS 2024~2026,5,1,2.0511145581892762,-0.30651219004047514,6.691787879361096,2.310123793119654,3.31849606452164,-0.14645485301846994,18.821164666666665
OOS 2024~2026,5,5,2.0268361271239423,-0.31050088475499993,6.527633983146982,2.297211699322711,3.2951376164272954,-0.14703151551324845,18.429676166666667
OOS 2024~2026,5,10,1.9963347802371048,-0.3151928814473365,6.333692471321435,2.2787488113754595,3.2588077628845076,-0.1477241938204179,17.945052333333336
OOS 2024~2026,5,15,1.9656195304741164,-0.3195970329590542,6.150305940812491,2.257446167308216,3.223711666052721,-0.14837589526031958,17.465094
OOS 2024~2026,5,20,1.9345182078839915,-0.32393101186971895,5.9720068069988645,2.233260949537149,3.1785651278240414,-0.14897865246697295,16.987294833333333
OOS 2024~2026,5,25,1.9039206100468138,-0.3277371333574035,5.809291704429942,2.207628283149458,3.1367296887014864,-0.14953220008713908,16.525225333333335
OOS 2024~2026,5,30,1.8741868773553167,-0.3313488853398098,5.656234139533239,2.180845621408677,3.090832589798736,-0.15002566497730685,16.083745
OOS 2024~2026,5,35,1.842521695450297,-0.33748496686534213,5.45956672548757,2.1509841214635266,3.037446350295986,-0.1504558428895565,15.621708
OOS 2024~2026,5,40,1.8096695133849519,-0.35057905713092563,5.16194415089981,2.1185784492733917,2.9778519267777046,-0.1507957166806575,15.151143333333335
OOS 2024~2026,5,45,1.779411889101393,-0.36255029163816255,4.908041532834584,2.08749832058166,2.920482356934798,-0.15110485198533719,14.725607833333333
OOS 2024~2026,5,50,1.7637802479136737,-0.36182664326980896,4.874655531097659,2.07020479230321,2.890250512961331,-0.15173859855207394,14.508705666666668
OOS 2024~2026,5,60,1.72645578556233,-0.36690506016536295,4.7054564600014555,2.0429953214587506,2.840641976590631,-0.15248752555455392,13.998839833333333
OOS 2024~2026,5,70,1.6987731337859482,-0.3712213045797229,4.576173600028719,2.0304345769905416,2.8157759001023877,-0.15275696877959766,13.627961833333332
OOS 2024~2026,5,80,1.6681278338605,-0.3779440211840913,4.413690230194111,2.0118710723076187,2.7758481135283914,-0.15264927184526322,13.224566666666666
OOS 2024~2026,5,90,1.6495955159587403,-0.384307405616498,4.292385449383921,2.0056259156355876,2.752746276177313,-0.15133275438944893,12.984255333333335
OOS 2024~2026,5,95,1.6445805239469982,-0.3874463839645066,4.244666080294754,2.005709734851533,2.7437741711042447,-0.1506982595220585,12.919694333333334
OOS 2024~2026,10,1,1.9933981604719695,-0.30685742549256534,6.496170517210659,2.2670535600756447,3.265220995565014,-0.14885318769268296,17.898815499999998
OOS 2024~2026,10,5,1.96834309744612,-0.31103070680434164,6.3284526395148974,2.253114381248309,3.2375691076406627,-0.14953192484357403,17.507326999999997
OOS 2024~2026,10,10,1.9368415038496898,-0.31595517340736734,6.130114860795399,2.233340218433129,3.205342198389046,-0.15035516685723826,17.022703166666666
OOS 2024~2026,10,15,1.9050903336048504,-0.32059518837448764,5.942354728604074,2.2107308997554194,3.1672469649376698,-0.15114153383877826,16.542744833333334
OOS 2024~2026,10,20,1.8729095726161615,-0.3251790329109744,5.759625877013159,2.1851578622796217,3.126779383273483,-0.15187934170720474,16.064945666666667
OOS 2024~2026,10,25,1.8412188375093392,-0.32922586619136407,5.592570410124222,2.1581715980296727,3.0831020753590406,-0.15257118974024975,15.602876166666666
OOS 2024~2026,10,30,1.810391976000726,-0.33308334974015774,5.435252099551161,2.1301125435591572,3.0329032100220825,-0.15320219477244212,15.161395833333334
OOS 2024~2026,10,35,1.7775278088264228,-0.34364428287392845,5.172580768580801,2.09890127101142,2.9749678253483074,-0.15377097867547695,14.699358833333333
OOS 2024~2026,10,40,1.7433920420102256,-0.3569298334069724,4.884411105031966,2.0651529456769095,2.908675044521826,-0.1542523649566926,14.228794166666665
OOS 2024~2026,10,45,1.7119148876192778,-0.3690783882181282,4.638350394571255,2.0328171649932782,2.8473624446168886,-0.1546974388713548,13.803258666666666
OOS 2024~2026,10,50,1.6956386735193165,-0.3683313028647649,4.603569287571197,2.0144342956031887,2.8157511696032667,-0.15542885777883197,13.586356499999999
OOS 2024~2026,10,60,1.656733458338048,-0.37351216909140983,4.435554167801678,1.9850259768836356,2.75756464004689,-0.15635105633811597,13.076490666666666
OOS 2024~2026,10,70,1.6278389672352738,-0.3779453853501962,4.307074594195542,1.9708303495681416,2.72758630614809,-0.15677864440501899,12.705612666666667
OOS 2024~2026,10,80,1.5958111144955955,-0.3848136105020259,4.1469716011700015,1.951133902920721,2.6869823150921692,-0.1567986765508067,12.3022175
OOS 2024~2026,10,90,1.5764210010106958,-0.3913206658361639,4.028463453731073,1.944441788801378,2.6635925216125638,-0.15546386532659262,12.061906166666667
OOS 2024~2026,10,95,1.5711709927693347,-0.3945320216959781,3.9823662120385785,1.944359983776013,2.65475693385153,-0.15481397877904501,11.997345166666666
OOS 2024~2026,15,1,1.936121028788092,-0.3074126549155509,6.2981175232358675,2.2200944072462216,3.2153004117940256,-0.15136604899948303,17.011717833333332
OOS 2024~2026,15,5,1.9102545490389655,-0.31178505863459693,6.12683159803924,2.20497376154317,3.188650980213319,-0.1521599810364247,16.620229333333334
OOS 2024~2026,15,10,1.8777057037656513,-0.3169620668083135,5.924070733994852,2.1837027626430587,3.1556831447038443,-0.15313152600531732,16.1356055
OOS 2024~2026,15,15,1.8448672798656314,-0.3218603395481794,5.731887571035985,2.1596139613984766,3.1187645086616236,-0.15407207073637708,15.655647166666666
OOS 2024~2026,15,20,1.8115506776702643,-0.32671958548885904,5.544665083238597,2.132488808367075,3.072943396412804,-0.1549657133349608,15.177847999999997
OOS 2024~2026,15,25,1.7787066109023666,-0.3310346028005319,5.373174271978279,2.1039963654788703,3.021414898397734,-0.15581852999435264,14.715778499999999
OOS 2024~2026,15,30,1.7467232842528855,-0.33661354899874274,5.189105695384263,2.0745287801149233,2.9664203562975553,-0.1566110311302331,14.274298166666666
OOS 2024~2026,15,35,1.7125869918379175,-0.3496995465526752,4.897309729796721,2.0418333581980916,2.903486693920923,-0.15734413441458062,13.812261166666666
OOS 2024~2026,15,40,1.6770850138866957,-0.36317638486853776,4.617825067270729,2.006608039119614,2.8326416435787585,-0.15799526969345412,13.341696500000001
OOS 2024~2026,15,45,1.6443056125004722,-0.3755021543340943,4.378951208459618,1.9728995892151409,2.767012169923025,-0.15860475353516656,12.916160999999999
OOS 2024~2026,15,50,1.6273394239520123,-0.3747315637676156,4.342680417924932,1.9534119373429448,2.7314128049679782,-0.15945109216601927,12.699258833333333
OOS 2024~2026,15,60,1.586737112072282,-0.38001500719821457,4.175459079290111,1.9215649799945664,2.6684831605560517,-0.1605816125431997,12.189392999999999
OOS 2024~2026,15,70,1.5565367050129764,-0.38456552116477716,4.0475201736716215,1.905382303839014,2.6327047449433234,-0.16120498776853454,11.818514999999998
OOS 2024~2026,15,80,1.523013696836356,-0.39157957682848676,3.889410446713469,1.8841969352668775,2.5863583879860568,-0.1613882150400745,11.415119833333332
OOS 2024~2026,15,90,1.5026930561000835,-0.39823070213148604,3.7734234152642783,1.8767483106624254,2.5622063972414915,-0.1600460344542579,11.174808500000001
OOS 2024~2026,15,95,1.4971877173898056,-0.4015146637649838,3.728849410755632,1.8763838170808045,2.5533355092100884,-0.159384358896703,11.1102475
OOS 2024~2026,20,1,1.8790714882331176,-0.30767946722424344,6.1072372010564155,2.1720865729610743,3.163076447251332,-0.15393471275160187,16.155762333333332
OOS 2024~2026,20,5,1.8523535023753235,-0.3122517727964952,5.932243348967512,2.1557823583471025,3.1397717184431335,-0.1548559608596518,15.764273833333332
OOS 2024~2026,20,10,1.818703184540622,-0.3176834226658246,5.724891683925667,2.13300165106741,3.105412314098912,-0.15599252665944208,15.27965
OOS 2024~2026,20,15,1.7847182163193875,-0.32284357614977066,5.528120576546449,2.1074019027115662,3.063670918240168,-0.15710603403470913,14.799691666666666
OOS 2024~2026,20,20,1.7502005185996627,-0.3279841776867176,5.336234604193044,2.078709236808368,3.012545902293346,-0.15817592862890695,14.3218925
OOS 2024~2026,20,25,1.7161333401503,-0.33257468547802993,5.160144217481847,2.0486743332488495,2.9557428282833627,-0.1592124221068144,13.859823
OOS 2024~2026,20,30,1.6829199585276364,-0.3426555576061139,4.911404240120834,2.0177366348686707,2.893644478061445,-0.16019087342832217,13.418342666666668
OOS 2024~2026,20,35,1.6474263338497446,-0.3559185704883723,4.628660796173785,1.983494218362925,2.8236323374602432,-0.16111503141785588,12.956305666666669
OOS 2024~2026,20,40,1.61046158123577,-0.36959139431443877,4.357410930043548,1.946708380289587,2.750135210963204,-0.16196583445746726,12.485740999999999
OOS 2024~2026,20,45,1.5762829289195248,-0.382098781419805,4.1253283328001285,1.9115397306126327,2.6800593708030434,-0.16277041091244293,12.0602055
OOS 2024~2026,20,50,1.558573377371986,-0.38130379346305865,4.0874845833994655,1.890960512359536,2.640635202200017,-0.16375020536418916,11.843303333333333
OOS 2024~2026,20,60,1.5161366809441188,-0.3866930235873446,3.9207758828409798,1.8565824666536417,2.5726648374089907,-0.16512747366952762,11.3334375
OOS 2024~2026,20,70,1.484518839000199,-0.3913650564378821,3.793181876051889,1.8382440092837198,2.5307087128793886,-0.16598895091074128,10.962559500000001
OOS 2024~2026,20,80,1.449366595137934,-0.3985297171446579,3.636784241642498,1.8153100664217963,2.48022798245584,-0.16637620916315443,10.559164333333333
OOS 2024~2026,20,90,1.4280284737853894,-0.40532975016631945,3.5231277082410672,1.8069005643808753,2.4548585383173447,-0.16504062764247684,10.318853
OOS 2024~2026,20,95,1.422243469201923,-0.40868878840556133,3.480015869166842,1.8061817983906963,2.445790747969842,-0.16437201343046937,10.254292
OOS 2024~2026,25,1,1.822633295493024,-0.3079991622370274,5.91765666586579,2.1215359455898777,3.109948972979238,-0.15660143398115367,15.335767166666667
OOS 2024~2026,25,5,1.7950271667786581,-0.3127813935826491,5.738919269519597,2.103957542417047,3.083556111486637,-0.15766501933948762,14.944278666666666
OOS 2024~2026,25,10,1.7602252138618808,-0.3184821918902412,5.5269188001208835,2.0795573114138444,3.0471398787542814,-0.15898736545843706,14.459654833333333
OOS 2024~2026,25,15,1.7250381160623371,-0.3239212412852025,5.325486248502904,2.0523426695546396,3.0003274648504963,-0.16029724033962334,13.979696500000001
OOS 2024~2026,25,20,1.6892573443991195,-0.3293636690358974,5.128851489127075,2.0219854194351017,2.9436833381557355,-0.16156893230453118,13.501897333333332
OOS 2024~2026,25,25,1.6538999305842346,-0.33519754241977606,4.934105180619181,1.990315904554804,2.8773372705537708,-0.16281766297754163,13.039827833333332
OOS 2024~2026,25,30,1.619384838292965,-0.34872544505039926,4.643724343254977,1.9578258571006126,2.8125097564233155,-0.16401300455634005,12.5983475
OOS 2024~2026,25,35,1.5824498934536186,-0.3621708797419596,4.369346024122885,1.9219494914653086,2.7394120629423795,-0.16516227635274672,12.1363105
OOS 2024~2026,25,40,1.5439259680836144,-0.37604570032451123,4.1056870660966815,1.8835104766097255,2.6609367712206,-0.16625117740378026,11.665745833333334
OOS 2024~2026,25,45,1.5082500276803068,-0.3887403369257222,3.8798392767985197,1.846800017869933,2.5863603640683555,-0.16729056011770338,11.240210333333334
OOS 2024~2026,25,50,1.4897426750375655,-0.38792021434815593,3.840332676503759,1.8251499671848097,2.5432703060092887,-0.168427626247725,11.023308166666666
OOS 2024~2026,25,60,1.4453301396518219,-0.3934184903450303,3.6737727766284167,1.7880945443270817,2.4665227743527387,-0.17010163604305728,10.513442333333334
OOS 2024~2026,25,70,1.41217849653588,-0.39821580424788505,3.5462643156593905,1.767356302882209,2.418065291369954,-0.17125716271950608,10.142564333333333
OOS 2024~2026,25,80,1.3752554886597443,-0.4055358317601099,3.391205858902404,1.7423718156767318,2.3630371146473763,-0.17190333312558814,9.739169166666667
OOS 2024~2026,25,90,1.3528072064410193,-0.412489551820461,3.2796156907989715,1.7327249192575827,2.3377956693529076,-0.1705947435224513,9.498857833333332
OOS 2024~2026,25,95,1.346716475912186,-0.4159261040517971,3.2378743791095963,1.7315539799405473,2.3283671638516985,-0.16992655684194424,9.434296833333333
OOS 2024~2026,30,1,1.7677921450720162,-0.3084758225967653,5.730731602206783,2.070102913533464,3.0500179913850713,-0.1592967186331663,14.564183833333335
OOS 2024~2026,30,5,1.739276074006212,-0.3134794461071869,5.548293821507862,2.0511881887400554,3.022969880677318,-0.16051522369105775,14.172695333333333
OOS 2024~2026,30,10,1.7032912133569655,-0.319466131955367,5.331680084306822,2.0250940985215315,2.981722441790369,-0.16204123642829604,13.688071500000001
OOS 2024~2026,30,15,1.6668656637851704,-0.32520384467277264,5.125602575401309,1.9961909882630973,2.9298772201989527,-0.1635682598791245,13.208113166666667
OOS 2024~2026,30,20,1.6297795351922857,-0.33097183786792206,4.924224204968965,1.9641089286990288,2.86578998300724,-0.1650650663733898,12.730314
OOS 2024~2026,30,25,1.593084256237998,-0.34081935019887744,4.674277605741545,1.93074519744429,2.7964912157219737,-0.16655281093744223,12.268244499999998
OOS 2024~2026,30,30,1.5572147712221547,-0.35452576658228663,4.392388136507194,1.8966455387236645,2.726718092311859,-0.16799479317335153,11.826764166666667
OOS 2024~2026,30,35,1.5187746463314293,-0.36814976360203855,4.125426107765181,1.8590820355181408,2.648582182541518,-0.1694027464220147,11.364727166666666
OOS 2024~2026,30,40,1.4786157934975348,-0.38222234711159453,3.86847028875011,1.81893151650823,2.5653005516968608,-0.17076860414679884,10.8941625
OOS 2024~2026,30,45,1.441363152470983,-0.3951003684859685,3.6480936679312945,1.7806312853361503,2.4864078576954234,-0.17208382004472833,10.468627
OOS 2024~2026,30,50,1.4220129714363594,-0.3942556337901463,3.6068298067574758,1.757955647524793,2.4399816008565294,-0.17340236910386164,10.251724833333332
OOS 2024~2026,30,60,1.3755048008154365,-0.4003399596281437,3.435841883216144,1.7181675062930493,2.356540414117847,-0.17542559822882342,9.741859
OOS 2024~2026,30,70,1.3407180675268133,-0.411446949848956,3.258544189035784,1.6948552514381545,2.301515938611125,-0.17693611055516456,9.370981
OOS 2024~2026,30,80,1.3018981277353956,-0.41947769206383356,3.103617075153738,1.6675607895702285,2.2416532162415965,-0.17790299085765127,8.967585833333334
OOS 2024~2026,30,90,1.2782554405734476,-0.41935755503631766,3.0481278451338425,1.656416247225008,2.2124081641814217,-0.17664773115496757,8.7272745
OOS 2024~2026,30,95,1.2718350781118617,-0.4228701556967649,3.007625534642552,1.6546989730139359,2.202397065121595,-0.17598999591951936,8.6627135
OOS 2024~2026,35,1,1.713276333468043,-0.3091437829693321,5.542004814109442,2.017534698023161,2.990180371566953,-0.16208240383433192,13.821498333333333
OOS 2024~2026,35,5,1.6838063469371112,-0.3143867694622148,5.355843535710503,1.99723443192448,2.959525656794814,-0.1634727164465849,13.430009833333333
OOS 2024~2026,35,10,1.646578067168131,-0.32068483657703517,5.134567897701607,1.9693832418779205,2.9132992595262586,-0.16522626961548736,12.945386
OOS 2024~2026,35,15,1.608846590027297,-0.32675057873696334,4.92377579328614,1.9387226752065423,2.854281022076088,-0.16699806117296168,12.465427666666665
OOS 2024~2026,35,20,1.5703793322140225,-0.3328787962644414,4.717570929229453,1.904853544911863,2.7850318498955238,-0.1687509111234775,11.9876285
OOS 2024~2026,35,25,1.5322634796592043,-0.34641664802155103,4.423180838479449,1.8697279503459008,2.712474732601725,-0.17051317492301354,11.525559000000001
OOS 2024~2026,35,30,1.4949505627098927,-0.3603094352221907,4.149074147303433,1.8339473485905582,2.637786590895869,-0.17224130077322775,11.084078666666667
OOS 2024~2026,35,35,1.4548999104829918,-0.37411992501520774,3.8888597297346594,1.7946222291567118,2.554695433913522,-0.17395263132631944,10.622041666666666
OOS 2024~2026,35,40,1.412983908209255,-0.38839885713845357,3.637971333436661,1.7526746951971413,2.466693271686301,-0.17564740332207396,10.151477
OOS 2024~2026,35,45,1.3740288364953623,-0.4014682943054765,3.422508965178372,1.7127088090507159,2.383598339974321,-0.17729363152984057,9.7259415
OOS 2024~2026,35,50,1.3537653913492531,-0.4018451097642002,3.368873624326629,1.6890386763550265,2.3341720340355416,-0.17882642823223838,9.509039333333334
OOS 2024~2026,35,60,1.3049765019272797,-0.41714157226057846,3.128377962559176,1.64644427809703,2.244426041043492,-0.18127017182996208,8.999173500000001
OOS 2024~2026,35,70,1.2684002027707963,-0.4311519689922996,2.9418866060970026,1.6203953303538319,2.1830432639259647,-0.18321915287141455,8.6282955
OOS 2024~2026,35,80,1.2274927725029547,-0.4431236622368401,2.7700907830259043,1.590526816571127,2.1182782461585745,-0.1845923466046917,8.224900333333334
OOS 2024~2026,35,90,1.2025293071903849,-0.4414712028812088,2.7239133591097717,1.5776258005002777,2.0866028230128135,-0.18342775881212414,7.984589
OOS 2024~2026,35,95,1.1957435536835743,-0.4392431318594058,2.722281731809324,1.5752753657046359,2.075934537168727,-0.18279487664447736,7.920028
OOS 2024~2026,40,1,1.6604556852080736,-0.30922488926225833,5.369734917423855,1.9656313391041964,2.928730190543354,-0.1634077547359426,13.124749333333332
OOS 2024~2026,40,5,1.6300108862439204,-0.3146947027772884,5.179657845710515,1.9439471563325017,2.8948105329274267,-0.16492678962099272,12.733260833333333
OOS 2024~2026,40,10,1.5915083203500773,-0.3212892566286404,4.953506186450578,1.9143369349949246,2.8419357468988946,-0.16685391648349712,12.248636999999999
OOS 2024~2026,40,15,1.5524339969861884,-0.32766945804320535,4.737805000982087,1.8819083785435664,2.7784284214893704,-0.16881575846629426,11.768678666666666
OOS 2024~2026,40,20,1.512541449554543,-0.3395247027054652,4.454878945484741,1.8462456275088803,2.706123968885956,-0.17077127177192364,11.2908795
OOS 2024~2026,40,25,1.4729540027232484,-0.35358154491264626,4.165811321083366,1.8093434060940041,2.6285552139940127,-0.17275457094085855,10.828809999999999
OOS 2024~2026,40,30,1.4341398744032934,-0.36715053934239406,3.9061358236651142,1.7718599111592779,2.5491811258437864,-0.17471723353176205,10.387329666666668
OOS 2024~2026,40,35,1.3924070073980963,-0.3804977893485342,3.6594352092875315,1.7307492193216645,2.4613376099048727,-0.1766813234596608,9.925292666666667
OOS 2024~2026,40,40,1.3486467536654771,-0.39471938178508437,3.416722907211545,1.68697082188418,2.3687714779525395,-0.17865377993964293,9.454728
OOS 2024~2026,40,45,1.3078958001785916,-0.40798552461966897,3.205740697290264,1.6453088736946826,2.2816115943938313,-0.1805858741405615,9.0291925
OOS 2024~2026,40,50,1.2866652079237455,-0.416118743212197,3.092062611723354,1.620693433685176,2.229470423469554,-0.18232097757021293,8.812290333333332
OOS 2024~2026,40,60,1.2354493328068057,-0.4376075414026165,2.823190223932048,1.5753005288619684,2.133779746760302,-0.18515475747260657,8.302424499999999
OOS 2024~2026,40,70,1.196956724611392,-0.4554142848756424,2.628281027544489,1.5464604975819487,2.0662816759597717,-0.18750586254816926,7.9315465
OOS 2024~2026,40,80,1.153800275559334,-0.46886299202731696,2.4608474014347266,1.5138704897130388,1.9965787133587152,-0.18925025414432306,7.528151333333333
OOS 2024~2026,40,90,1.127406038164942,-0.46803894658103995,2.408786803748893,1.4990434925558453,1.9622274532553596,-0.18812827725327808,7.287839999999999
OOS 2024~2026,40,95,1.1202233790845781,-0.466154397604003,2.4031166172462135,1.4960034911385016,1.9508065871310625,-0.1874976176114479,7.223279
OOS 2024~2026,45,1,1.6164196410348772,-0.3094528191132154,5.22347686366851,1.9205227021992695,2.8810776047941893,-0.1644607920640706,12.560858833333334
OOS 2024~2026,45,5,1.585121339497861,-0.3151252804283964,5.0301306748318355,1.897532271154057,2.843760876513407,-0.166097836121474,12.169370333333333
OOS 2024~2026,45,10,1.545499981812343,-0.32198660142452684,4.799889110213816,1.8662695936693303,2.78631028817337,-0.1681856616076104,11.684746500000001
OOS 2024~2026,45,15,1.50524282232056,-0.3354727583126529,4.486930115850743,1.8321917113156627,2.7180852356334095,-0.1703254168928301,11.204788166666667
OOS 2024~2026,45,20,1.4640904084740112,-0.3512014196317407,4.168805496313804,1.794879925304916,2.6407473053141723,-0.1724728430954009,10.726989
OOS 2024~2026,45,25,1.4231972983827337,-0.3667138968898286,3.8809472737552215,1.7563553220895587,2.558310857902772,-0.17466793574913364,10.2649195
OOS 2024~2026,45,30,1.3830460244512106,-0.3816641860798068,3.623724925979858,1.7173261992354232,2.474429553333417,-0.17685809483526804,9.823439166666667
OOS 2024~2026,45,35,1.3398084032095445,-0.3963063529280607,3.3807391511908276,1.674619494551696,2.382116066950853,-0.17907049026398492,9.361402166666666
OOS 2024~2026,45,40,1.2943905081710083,-0.4105513906249856,3.152809947131217,1.6292205551119765,2.285306125341454,-0.18131952147140984,8.8908375
OOS 2024~2026,45,45,1.2520172021051832,-0.42413123466356095,2.9519570825721826,1.586073247007888,2.1944031669841224,-0.18354024334078212,8.465302
OOS 2024~2026,45,50,1.229909495799737,-0.4362140776213287,2.819508949611214,1.5606829092665373,2.139862632885591,-0.18548005599966155,8.248399833333334
OOS 2024~2026,45,60,1.176481774110413,-0.4591229586633684,2.5624546799739027,1.512903567348996,2.0390125053447075,-0.18871430302970915,7.738534
OOS 2024~2026,45,70,1.136231556701187,-0.4783845834471988,2.3751425025313284,1.4815984459853697,1.9661351767920998,-0.19148717288250228,7.367656
OOS 2024~2026,45,80,1.090999391765493,-0.4932841574550364,2.2117057182501125,1.44656481971162,1.8920342592005366,-0.19362988449368435,6.964260833333333
OOS 2024~2026,45,90,1.0632771718933682,-0.4933278997524655,2.1553153033243877,1.4299443424609066,1.8551485899300046,-0.19256657438823366,6.7239495
OOS 2024~2026,45,95,1.0557250750523983,-0.4918150353525913,2.1465896712481136,1.4262540476145356,1.8429731820439421,-0.1919447141042605,6.6593885
OOS 2024~2026,50,1,1.6016765937965864,-0.30969657193455535,5.17176081023929,1.9033248277722494,2.8733135319819123,-0.16560155248057706,12.375491
OOS 2024~2026,50,5,1.5700838037581248,-0.3154318139677905,4.977569586301938,1.8794080948607543,2.830371045352742,-0.16731873382074625,11.984002499999999
OOS 2024~2026,50,10,1.5300757434785313,-0.3304315985954438,4.630537000645158,1.8470331061731,2.768621455353856,-0.16951460203309943,11.499378666666667
OOS 2024~2026,50,15,1.4894088918369008,-0.3470372908684404,4.2917834222072875,1.8119197182411226,2.698047711937172,-0.17177312619064788,11.019420333333333
OOS 2024~2026,50,20,1.4478191229104178,-0.3632195497684767,3.9860715752587828,1.7736459608311719,2.616498469635453,-0.17404759690679028,10.541621166666667
OOS 2024~2026,50,25,1.4064716696444965,-0.3792146419030056,3.7089065511458807,1.73424860713629,2.5303056462859566,-0.1763822592114065,10.079551666666667
OOS 2024~2026,50,30,1.3658539247014798,-0.3946630112118308,3.460810579911107,1.6944671448076487,2.443238996623349,-0.1787216467377294,9.638071333333334
OOS 2024~2026,50,35,1.322089912884052,-0.40983279200606526,3.225925154531036,1.651084323231279,2.3481199798939985,-0.18109666738692254,9.176034333333334
OOS 2024~2026,50,40,1.2760903301788162,-0.42466684819735534,3.00492100006304,1.6050953539219561,2.2489818074786365,-0.18352768358439941,8.705469666666666
OOS 2024~2026,50,45,1.2331458357367575,-0.43882219824095237,2.810126380752623,1.561478160245861,2.156221991416229,-0.18593675229813544,8.279934166666667
OOS 2024~2026,50,50,1.2107285289549452,-0.4510696918002668,2.6841274219130082,1.5358405716171266,2.100181791252354,-0.18799516747094513,8.063032
OOS 2024~2026,50,60,1.1565175581328515,-0.4743782133152138,2.437965162966646,1.4871611857446183,1.9958684199567296,-0.19147336513839341,7.553166166666666
OOS 2024~2026,50,70,1.1156423145793943,-0.4942221045433568,2.2573703286909983,1.4547513854883605,1.9194425763410856,-0.19451636317378607,7.182288166666666
OOS 2024~2026,50,80,1.0696689214156052,-0.5097830941660775,2.0982824531782684,1.418816096139682,1.8430075494091294,-0.19692480288854897,6.778892999999999
OOS 2024~2026,50,90,1.0414706964937683,-0.5104402975754937,2.0403379228493135,1.4014716731820325,1.8046238533282095,-0.19594988942933034,6.5385816666666665
OOS 2024~2026,50,95,1.0337859253554642,-0.5092317767208172,2.030089190451738,1.3974549461230612,1.7918547032559258,-0.1953590604981721,6.474020666666666
OOS 2024~2026,60,1,1.5450303214290737,-0.31848906835562074,4.851125124658637,1.8557658602450628,2.8210056310950105,-0.1674958070072552,11.679075
OOS 2024~2026,60,5,1.5122629122968911,-0.33300018380206087,4.541327560334914,1.8298042719740961,2.774408750133673,-0.16939673694699242,11.2875865
OOS 2024~2026,60,10,1.470708883051178,-0.35092970148468317,4.19089315275689,1.7948379203630997,2.704866849392142,-0.17184430736548506,10.802962666666668
OOS 2024~2026,60,15,1.428399686330911,-0.36872187906460296,3.8739216939189123,1.75712645352989,2.626378555969657,-0.17438404852083877,10.323004333333333
OOS 2024~2026,60,20,1.3850514951248631,-0.38612767928344194,3.5870298075889773,1.7162303931540834,2.536736295908592,-0.17696460855131046,9.845205166666668
OOS 2024~2026,60,25,1.3418715192540636,-0.40342616459980307,3.326188623846929,1.674256239110751,2.4429389911287003,-0.17964101585307757,9.383135666666666
OOS 2024~2026,60,30,1.299366044539724,-0.42022437728706075,3.0920767922326173,1.6320310098746187,2.349038414635584,-0.1823520030317719,8.941655333333335
OOS 2024~2026,60,35,1.2534639750388554,-0.43682590184048986,2.869481799860318,1.586149844714632,2.2474146824073586,-0.18513856856695332,8.479618333333335
OOS 2024~2026,60,40,1.2050918037760079,-0.4532409764887634,2.6588324231224583,1.5376489970482934,2.142371930662468,-0.18803693732566618,8.009053666666667
OOS 2024~2026,60,45,1.1598071195532529,-0.4689635166779753,2.4731286727143456,1.4917568670820922,2.0445704205252677,-0.1909398192940538,7.583518166666667
OOS 2024~2026,60,50,1.136116942570363,-0.4818743936005445,2.3577034963019026,1.4648977349814705,1.984906294009644,-0.19332864985228881,7.3666160000000005
OOS 2024~2026,60,60,1.0786715272054357,-0.5066500981506199,2.1290265829273793,1.4122667630843286,1.8714216231181857,-0.1974820354280593,6.856750166666667
OOS 2024~2026,60,70,1.0352001716743309,-0.5283053680969569,1.9594731270728758,1.3759267336976027,1.7862132549150271,-0.20127416270415555,6.485872166666667
OOS 2024~2026,60,80,0.9861301020783575,-0.5457783486451058,1.8068325805272865,1.3362112220255287,1.7031335564727375,-0.2107064999338213,6.082477
OOS 2024~2026,60,90,0.9559327013104797,-0.5478481539573428,1.744886232444824,1.316018624679517,1.6602495351492965,-0.20820030711357995,5.842165666666666
OOS 2024~2026,60,95,0.9476892113752822,-0.5472976457740578,1.7315791849148918,1.3109262758674856,1.6458515662286348,-0.20650653609844982,5.777604666666667
OOS 2024~2026,70,1,1.4818036751106565,-0.334826121876346,4.425591607986604,1.8003941819831117,2.7501699881400734,-0.1690360548725629,10.931066666666666
OOS 2024~2026,70,5,1.447638807347198,-0.3503054705988923,4.13250413952221,1.7723257444712754,2.696447077584124,-0.1711350442094728,10.539578166666665
OOS 2024~2026,70,10,1.4042379780221546,-0.36950312626027537,3.800341264319965,1.7346412760116503,2.6221046315227436,-0.173858486457951,10.054954333333333
OOS 2024~2026,70,15,1.3599572470672596,-0.388650177572474,3.499180820041334,1.6941392499017052,2.5366176506776585,-0.17671213190100665,9.574996
OOS 2024~2026,70,20,1.314486928478929,-0.4074629781277951,3.226027882382626,1.6503868523279503,2.4398046317428004,-0.1796409666997354,9.097196833333332
OOS 2024~2026,70,25,1.2690826863581455,-0.4262674906148086,2.977197919850136,1.6055435975436652,2.339181512326328,-0.18271375550255897,8.635127333333333
OOS 2024~2026,70,30,1.2242719921517469,-0.44463443937281766,2.753434920332875,1.5605337330135338,2.2390460387651263,-0.18586447163066,8.193647
OOS 2024~2026,70,35,1.1757414179003187,-0.4629086601972159,2.539899377556277,1.5117424802002275,2.131412145413359,-0.18914812394793779,7.73161
OOS 2024~2026,70,40,1.1244298362854326,-0.48117391221736205,2.3368470478871073,1.4602437880059924,2.0208051758317604,-0.19262327680279412,7.261045333333333
OOS 2024~2026,70,45,1.076221825488592,-0.4987493371274657,2.157841114510677,1.4116055672017014,1.9182719016267964,-0.19615007733046352,6.835509833333333
OOS 2024~2026,70,50,1.0509312749043405,-0.5125284658922613,2.050483719133089,1.3834065656600052,1.8558223769567617,-0.19896552949869495,6.618607666666666
OOS 2024~2026,70,60,0.9893853823295029,-0.5391925093963605,1.8349390339957514,1.3263867819689532,1.7347966954917657,-0.20865040819792113,6.108741833333333
OOS 2024~2026,70,70,0.942586464237883,-0.5630989532503937,1.6739268627600203,1.285737497774706,1.6425021498171748,-0.2242688781796398,5.737863833333333
OOS 2024~2026,70,80,0.8895030876583971,-0.5829149307791566,1.5259569461867064,1.2416050093325508,1.5536434619967165,-0.23753545232743134,5.334468666666667
OOS 2024~2026,70,90,0.856688289526504,-0.5866029205859747,1.4604228166316204,1.2179843626816278,1.5065139826481504,-0.23614422304797644,5.094157333333333
OOS 2024~2026,70,95,0.8477094921961439,-0.5870719897497052,1.4439617406334784,1.2116843743008734,1.490774054946185,-0.23489067535101282,5.029596333333333
OOS 2024~2026,80,1,1.421555371578266,-0.3480213794273421,4.084678285907001,1.7466172206831143,2.67588868995601,-0.1702160476947413,10.246629500000001
OOS 2024~2026,80,5,1.3859660469530786,-0.36443338901124467,3.8030709829123652,1.7165127897557555,2.617958432369216,-0.17250408147157714,9.855141
OOS 2024~2026,80,10,1.3406740323741726,-0.3848589959409239,3.483546042873237,1.6761735163849243,2.5379552446241,-0.1754949705359229,9.370517166666668
OOS 2024~2026,80,15,1.294363175583722,-0.40532505038564814,3.193395459649471,1.6329084043592654,2.446629869700229,-0.1786583355782726,8.890558833333333
OOS 2024~2026,80,20,1.2466943674850524,-0.4255167992379071,2.929835836605886,1.5863085780614583,2.3438404709334715,-0.181937180211187,8.412759666666666
OOS 2024~2026,80,25,1.198970592515181,-0.44580608204227834,2.689444224319658,1.5385745909250865,2.2375075661064288,-0.18541598879209054,7.950690166666667
OOS 2024~2026,80,30,1.1517389939633151,-0.46572974078272245,2.4729771219412795,1.4907253508320648,2.1321334411910455,-0.1890262346099706,7.509209833333334
OOS 2024~2026,80,35,1.1004262669690106,-0.48567469540506747,2.265768172359117,1.4389408463075943,2.0194363560544804,-0.19284042106283994,7.047172833333334
OOS 2024~2026,80,40,1.0459750415433713,-0.5060385620112802,2.0669868268261644,1.3843317246710047,1.9041260275797154,-0.1969455870640533,6.5766081666666665
OOS 2024~2026,80,45,0.9946136818590594,-0.5281446728491018,1.8832220279598166,1.3328511264237952,1.7976853262566626,-0.20117023950784785,6.151072666666667
OOS 2024~2026,80,50,0.9675833546304533,-0.5450659818573744,1.7751673867690345,1.3034011941189325,1.7333810944250418,-0.2095981218307994,5.9341705
OOS 2024~2026,80,60,0.901534627851686,-0.5740780198641249,1.5704043643145664,1.2422540698571536,1.6068974933950915,-0.2292055781269301,5.424304666666667
OOS 2024~2026,80,70,0.851031960623936,-0.6006322132317826,1.4168936361985045,1.197654816438525,1.5097659819468765,-0.24763250568579753,5.053426666666666
OOS 2024~2026,80,80,0.7934193781752505,-0.6230008916544933,1.2735445306798512,1.1493268225763127,1.4167885844282866,-0.2638081337764233,4.6500315
OOS 2024~2026,80,90,0.7576124939472857,-0.6286218257786398,1.2051959745573138,1.122291113524475,1.3661753124684508,-0.2637607083090324,4.409720166666667
OOS 2024~2026,80,95,0.7477875237717422,-0.6298526462773923,1.1872420131778096,1.114852538376669,1.3494870769007157,-0.26305123797372754,4.345159166666667
OOS 2024~2026,90,1,1.3637334284234246,-0.35910157777390483,3.7976258329949455,1.6933387590362357,2.6016008337350907,-0.1709512879088667,9.615359333333332
OOS 2024~2026,90,5,1.326683477846605,-0.37645262181721806,3.524171173101193,1.6613627854605455,2.536350967242456,-0.17341684950663927,9.223870833333333
OOS 2024~2026,90,10,1.279442823740946,-0.3981214917203453,3.2136994619714536,1.618546881766263,2.4522883503961173,-0.17666390318306535,8.739246999999999
OOS 2024~2026,90,15,1.2310278724776063,-0.4199308839071767,2.931501158056567,1.5726570312995343,2.356629913482378,-0.18013039848042056,8.259288666666667
OOS 2024~2026,90,20,1.1810656865757547,-0.4415369612645419,2.6748965323157456,1.5233245376170732,2.249326133198631,-0.1837595887644754,7.7814895
OOS 2024~2026,90,25,1.1309050722221143,-0.4633590223734779,2.4406669938771133,1.4727748846839308,2.1385660304530556,-0.18765414316131102,7.319419999999999
OOS 2024~2026,90,30,1.0811106832081876,-0.48838743145555685,2.213633303351232,1.4221178625454634,2.0290337513892873,-0.1917462337938266,6.877939666666666
OOS 2024~2026,90,35,1.026827334378555,-0.5131718615756717,2.000942396229066,1.3673376467323393,1.9122273918838504,-0.19613060993306608,6.415902666666668
OOS 2024~2026,90,40,0.9689898644499229,-0.5380682652258646,1.8008678955321227,1.3095811423230679,1.793028957693485,-0.2009311419890576,5.9453380000000005
OOS 2024~2026,90,45,0.9141897530480136,-0.5620171498696855,1.6266225207895988,1.2552277175037145,1.6834045108800735,-0.21404563200409288,5.5198025
OOS 2024~2026,90,50,0.8852454041345654,-0.5795818252211018,1.5273864113955913,1.2246455717476226,1.6179842592968854,-0.22645285274151727,5.3029003333333335
OOS 2024~2026,90,60,0.8141850640112203,-0.6102644182059986,1.3341512952773644,1.1596637506358367,1.4876348243524171,-0.24885850729324444,4.7930345
OOS 2024~2026,90,70,0.7594948078894403,-0.6390046504131053,1.18855912456731,1.1115787684264222,1.3875374634049633,-0.27054929775676984,4.4221565
OOS 2024~2026,90,80,0.696676498531378,-0.6637824137009194,1.0495555232430123,1.0594540818516645,1.2919289220111818,-0.2901887410611538,4.018761333333333
OOS 2024~2026,90,90,0.6573767807164506,-0.6713567516727137,0.9791765392670417,1.0291430241742636,1.23856250129274,-0.2918069074589785,3.77845
OOS 2024~2026,90,95,0.6465559635037841,-0.6735200220124394,0.9599654685422888,1.020682809170697,1.2212953777041295,-0.2917868617556796,3.713889
OOS 2024~2026,95,1,1.3362791341803937,-0.3593813983302566,3.718275738223959,1.6742968573737493,2.5654448732213955,-0.17007888153634665,9.324296166666667
OOS 2024~2026,95,5,1.2985010387211964,-0.3770388745902544,3.4439447129485985,1.6417045653028697,2.501922939627137,-0.17254501953229284,8.932807666666665
OOS 2024~2026,95,10,1.2502852903478319,-0.3991181225829218,3.1326196922768634,1.5979974709360616,2.4152415579747806,-0.17579935289610504,8.448183833333333
OOS 2024~2026,95,15,1.2008126314713223,-0.42137475055985707,2.8497498482665837,1.5510798918397128,2.3186921823866737,-0.17928170017060474,7.968225500000001
OOS 2024~2026,95,20,1.1496917209703028,-0.4434592231815798,2.592553409357206,1.50056211928653,2.21012319078465,-0.18293769640797997,7.490426333333333
OOS 2024~2026,95,25,1.0982929938862571,-0.4699344988781007,2.33711931451781,1.4487213939821846,2.097900238107741,-0.18687283399366628,7.0283568333333335
OOS 2024~2026,95,30,1.0471885843629392,-0.49553554597226324,2.1132461492914856,1.396700908683899,1.9867864571717888,-0.19102205977729947,6.586876500000001
OOS 2024~2026,95,35,0.9913762506724411,-0.5209114680167847,1.9031568923733067,1.3403309183936138,1.86808283555459,-0.19548495993694992,6.1248395
OOS 2024~2026,95,40,0.9317816264484979,-0.5464661077378962,1.7051041469078851,1.2807943235997254,1.7468107322574642,-0.2003929008905858,5.654274833333333
OOS 2024~2026,95,45,0.8751809632490541,-0.5710769622948172,1.5325096633774624,1.2247110557406122,1.6352678479800338,-0.21268276647928785,5.228739333333333
OOS 2024~2026,95,50,0.8452271254501442,-0.58893479901804,1.4351794576571686,1.1932810484512315,1.5689791682834735,-0.22555527165204847,5.011837166666666
OOS 2024~2026,95,60,0.7714978515924329,-0.6202901941278111,1.2437692210776194,1.1258508441737667,1.4359913438574878,-0.24885758987648865,4.5019713333333335
OOS 2024~2026,95,70,0.7145477210285287,-0.6498531793980684,1.0995525507629034,1.0758576343108712,1.3340082375479012,-0.2715360209099682,4.131093333333333
OOS 2024~2026,95,80,0.6488802093633756,-0.6755107115997593,0.9605772317461603,1.021445539671204,1.2363119306209718,-0.2922168822837673,3.727698166666667
OOS 2024~2026,95,90,0.6076428120649411,-0.6837268691452695,0.8887215633701196,0.989255717522418,1.1809707205065456,-0.2940549919713412,3.4873868333333338
OOS 2024~2026,95,95,0.596265581122742,-0.6872413274058923,0.8676218343466718,0.9802694461878749,1.1632718430605435,-0.29409921250232196,3.4228258333333335
